set,index,current_path,current_name,seo_name_to_write,new_filename_preview
01,01,ester-collection/crops/webp-1024-set-01/easter-collection-set-01-kawaii-sticker-01.webp,easter-collection-set-01-kawaii-sticker-01.webp,kawaii-easter-school-supplies-paper-tape-sticker,kawaii-easter-school-supplies-paper-tape-sticker.webp
01,02,ester-collection/crops/webp-1024-set-01/easter-collection-set-01-kawaii-sticker-02.webp,easter-collection-set-01-kawaii-sticker-02.webp,kawaii-easter-school-supplies-pink-hair-dryer-sticker,kawaii-easter-school-supplies-pink-hair-dryer-sticker.webp
01,03,ester-collection/crops/webp-1024-set-01/easter-collection-set-01-kawaii-sticker-03.webp,easter-collection-set-01-kawaii-sticker-03.webp,kawaii-easter-school-supplies-cream-safety-helmet-sticker,kawaii-easter-school-supplies-cream-safety-helmet-sticker.webp
01,04,ester-collection/crops/webp-1024-set-01/easter-collection-set-01-kawaii-sticker-04.webp,easter-collection-set-01-kawaii-sticker-04.webp,kawaii-easter-school-supplies-orange-cassette-player-sticker,kawaii-easter-school-supplies-orange-cassette-player-sticker.webp
01,05,ester-collection/crops/webp-1024-set-01/easter-collection-set-01-kawaii-sticker-05.webp,easter-collection-set-01-kawaii-sticker-05.webp,kawaii-easter-school-supplies-pink-washi-tape-sticker,kawaii-easter-school-supplies-pink-washi-tape-sticker.webp
01,06,ester-collection/crops/webp-1024-set-01/easter-collection-set-01-kawaii-sticker-06.webp,easter-collection-set-01-kawaii-sticker-06.webp,kawaii-easter-school-supplies-blue-striped-tote-bag-sticker,kawaii-easter-school-supplies-blue-striped-tote-bag-sticker.webp
01,07,ester-collection/crops/webp-1024-set-01/easter-collection-set-01-kawaii-sticker-07.webp,easter-collection-set-01-kawaii-sticker-07.webp,kawaii-easter-school-supplies-floral-envelope-sticker,kawaii-easter-school-supplies-floral-envelope-sticker.webp
01,08,ester-collection/crops/webp-1024-set-01/easter-collection-set-01-kawaii-sticker-08.webp,easter-collection-set-01-kawaii-sticker-08.webp,kawaii-easter-school-supplies-peach-shell-sticker,kawaii-easter-school-supplies-peach-shell-sticker.webp
01,09,ester-collection/crops/webp-1024-set-01/easter-collection-set-01-kawaii-sticker-09.webp,easter-collection-set-01-kawaii-sticker-09.webp,kawaii-easter-school-supplies-teddy-bear-sticker,kawaii-easter-school-supplies-teddy-bear-sticker.webp
01,10,ester-collection/crops/webp-1024-set-01/easter-collection-set-01-kawaii-sticker-10.webp,easter-collection-set-01-kawaii-sticker-10.webp,kawaii-easter-school-supplies-pencil-cup-sticker,kawaii-easter-school-supplies-pencil-cup-sticker.webp
01,11,ester-collection/crops/webp-1024-set-01/easter-collection-set-01-kawaii-sticker-11.webp,easter-collection-set-01-kawaii-sticker-11.webp,kawaii-easter-school-supplies-paper-note-sign-sticker,kawaii-easter-school-supplies-paper-note-sign-sticker.webp
01,12,ester-collection/crops/webp-1024-set-01/easter-collection-set-01-kawaii-sticker-12.webp,easter-collection-set-01-kawaii-sticker-12.webp,kawaii-easter-school-supplies-white-bucket-hat-sticker,kawaii-easter-school-supplies-white-bucket-hat-sticker.webp
01,13,ester-collection/crops/webp-1024-set-01/easter-collection-set-01-kawaii-sticker-13.webp,easter-collection-set-01-kawaii-sticker-13.webp,kawaii-easter-school-supplies-pink-backpack-sticker,kawaii-easter-school-supplies-pink-backpack-sticker.webp
01,14,ester-collection/crops/webp-1024-set-01/easter-collection-set-01-kawaii-sticker-14.webp,easter-collection-set-01-kawaii-sticker-14.webp,kawaii-easter-school-supplies-yellow-water-bottle-sticker,kawaii-easter-school-supplies-yellow-water-bottle-sticker.webp
01,15,ester-collection/crops/webp-1024-set-01/easter-collection-set-01-kawaii-sticker-15.webp,easter-collection-set-01-kawaii-sticker-15.webp,kawaii-easter-school-supplies-blue-bath-tub-sticker,kawaii-easter-school-supplies-blue-bath-tub-sticker.webp
01,16,ester-collection/crops/webp-1024-set-01/easter-collection-set-01-kawaii-sticker-16.webp,easter-collection-set-01-kawaii-sticker-16.webp,kawaii-easter-school-supplies-purple-ruler-sticker,kawaii-easter-school-supplies-purple-ruler-sticker.webp
01,17,ester-collection/crops/webp-1024-set-01/easter-collection-set-01-kawaii-sticker-17.webp,easter-collection-set-01-kawaii-sticker-17.webp,kawaii-easter-school-supplies-orange-pencil-sticker,kawaii-easter-school-supplies-orange-pencil-sticker.webp
01,18,ester-collection/crops/webp-1024-set-01/easter-collection-set-01-kawaii-sticker-18.webp,easter-collection-set-01-kawaii-sticker-18.webp,kawaii-easter-school-supplies-paper-cranes-sticker,kawaii-easter-school-supplies-paper-cranes-sticker.webp
01,19,ester-collection/crops/webp-1024-set-01/easter-collection-set-01-kawaii-sticker-19.webp,easter-collection-set-01-kawaii-sticker-19.webp,kawaii-easter-school-supplies-blue-pencil-cup-sticker,kawaii-easter-school-supplies-blue-pencil-cup-sticker.webp
01,20,ester-collection/crops/webp-1024-set-01/easter-collection-set-01-kawaii-sticker-20.webp,easter-collection-set-01-kawaii-sticker-20.webp,kawaii-easter-school-supplies-red-toy-truck-sticker,kawaii-easter-school-supplies-red-toy-truck-sticker.webp
01,21,ester-collection/crops/webp-1024-set-01/easter-collection-set-01-kawaii-sticker-21.webp,easter-collection-set-01-kawaii-sticker-21.webp,kawaii-easter-school-supplies-paperclip-sticker,kawaii-easter-school-supplies-paperclip-sticker.webp
01,22,ester-collection/crops/webp-1024-set-01/easter-collection-set-01-kawaii-sticker-22.webp,easter-collection-set-01-kawaii-sticker-22.webp,kawaii-easter-school-supplies-pink-backpack-small-sticker,kawaii-easter-school-supplies-pink-backpack-small-sticker.webp
01,23,ester-collection/crops/webp-1024-set-01/easter-collection-set-01-kawaii-sticker-23.webp,easter-collection-set-01-kawaii-sticker-23.webp,kawaii-easter-school-supplies-pencil-sticker,kawaii-easter-school-supplies-pencil-sticker.webp
01,24,ester-collection/crops/webp-1024-set-01/easter-collection-set-01-kawaii-sticker-24.webp,easter-collection-set-01-kawaii-sticker-24.webp,kawaii-easter-school-supplies-blue-pencil-cup-small-sticker,kawaii-easter-school-supplies-blue-pencil-cup-small-sticker.webp
01,25,ester-collection/crops/webp-1024-set-01/easter-collection-set-01-kawaii-sticker-25.webp,easter-collection-set-01-kawaii-sticker-25.webp,kawaii-easter-school-supplies-flower-pot-sticker,kawaii-easter-school-supplies-flower-pot-sticker.webp
01,26,ester-collection/crops/webp-1024-set-01/easter-collection-set-01-kawaii-sticker-26.webp,easter-collection-set-01-kawaii-sticker-26.webp,kawaii-easter-school-supplies-medicine-bottle-sticker,kawaii-easter-school-supplies-medicine-bottle-sticker.webp
01,27,ester-collection/crops/webp-1024-set-01/easter-collection-set-01-kawaii-sticker-27.webp,easter-collection-set-01-kawaii-sticker-27.webp,kawaii-easter-school-supplies-birthday-cake-sticker,kawaii-easter-school-supplies-birthday-cake-sticker.webp
01,28,ester-collection/crops/webp-1024-set-01/easter-collection-set-01-kawaii-sticker-28.webp,easter-collection-set-01-kawaii-sticker-28.webp,kawaii-easter-school-supplies-pencil-case-sticker,kawaii-easter-school-supplies-pencil-case-sticker.webp
02,01,ester-collection/crops/webp-1024-set-02/easter-collection-set-02-kawaii-sticker-01.webp,easter-collection-set-02-kawaii-sticker-01.webp,kawaii-easter-bunny-rainbow-yellow-rain-boots-sticker,kawaii-easter-bunny-rainbow-yellow-rain-boots-sticker.webp
02,02,ester-collection/crops/webp-1024-set-02/easter-collection-set-02-kawaii-sticker-02.webp,easter-collection-set-02-kawaii-sticker-02.webp,kawaii-easter-bunny-rainbow-pastel-rainbow-cloud-sticker,kawaii-easter-bunny-rainbow-pastel-rainbow-cloud-sticker.webp
02,03,ester-collection/crops/webp-1024-set-02/easter-collection-set-02-kawaii-sticker-03.webp,easter-collection-set-02-kawaii-sticker-03.webp,kawaii-easter-bunny-rainbow-easter-cupcake-sticker,kawaii-easter-bunny-rainbow-easter-cupcake-sticker.webp
02,04,ester-collection/crops/webp-1024-set-02/easter-collection-set-02-kawaii-sticker-04.webp,easter-collection-set-02-kawaii-sticker-04.webp,kawaii-easter-bunny-rainbow-microphone-sticker,kawaii-easter-bunny-rainbow-microphone-sticker.webp
02,05,ester-collection/crops/webp-1024-set-02/easter-collection-set-02-kawaii-sticker-05.webp,easter-collection-set-02-kawaii-sticker-05.webp,kawaii-easter-bunny-rainbow-weekly-planner-sticker,kawaii-easter-bunny-rainbow-weekly-planner-sticker.webp
02,06,ester-collection/crops/webp-1024-set-02/easter-collection-set-02-kawaii-sticker-06.webp,easter-collection-set-02-kawaii-sticker-06.webp,kawaii-easter-bunny-rainbow-bunny-envelope-sticker,kawaii-easter-bunny-rainbow-bunny-envelope-sticker.webp
02,07,ester-collection/crops/webp-1024-set-02/easter-collection-set-02-kawaii-sticker-07.webp,easter-collection-set-02-kawaii-sticker-07.webp,kawaii-easter-bunny-rainbow-flower-envelope-sticker,kawaii-easter-bunny-rainbow-flower-envelope-sticker.webp
02,08,ester-collection/crops/webp-1024-set-02/easter-collection-set-02-kawaii-sticker-08.webp,easter-collection-set-02-kawaii-sticker-08.webp,kawaii-easter-bunny-rainbow-rainbow-cloud-small-sticker,kawaii-easter-bunny-rainbow-rainbow-cloud-small-sticker.webp
02,09,ester-collection/crops/webp-1024-set-02/easter-collection-set-02-kawaii-sticker-09.webp,easter-collection-set-02-kawaii-sticker-09.webp,kawaii-easter-bunny-rainbow-pencil-cup-sticker,kawaii-easter-bunny-rainbow-pencil-cup-sticker.webp
02,10,ester-collection/crops/webp-1024-set-02/easter-collection-set-02-kawaii-sticker-10.webp,easter-collection-set-02-kawaii-sticker-10.webp,kawaii-easter-bunny-rainbow-paper-note-sign-sticker,kawaii-easter-bunny-rainbow-paper-note-sign-sticker.webp
02,11,ester-collection/crops/webp-1024-set-02/easter-collection-set-02-kawaii-sticker-11.webp,easter-collection-set-02-kawaii-sticker-11.webp,kawaii-easter-bunny-rainbow-kawaii-bunny-face-sticker,kawaii-easter-bunny-rainbow-kawaii-bunny-face-sticker.webp
02,12,ester-collection/crops/webp-1024-set-02/easter-collection-set-02-kawaii-sticker-12.webp,easter-collection-set-02-kawaii-sticker-12.webp,kawaii-easter-bunny-rainbow-smiley-note-sticker,kawaii-easter-bunny-rainbow-smiley-note-sticker.webp
02,13,ester-collection/crops/webp-1024-set-02/easter-collection-set-02-kawaii-sticker-13.webp,easter-collection-set-02-kawaii-sticker-13.webp,kawaii-easter-bunny-rainbow-teddy-bear-face-sticker,kawaii-easter-bunny-rainbow-teddy-bear-face-sticker.webp
02,14,ester-collection/crops/webp-1024-set-02/easter-collection-set-02-kawaii-sticker-14.webp,easter-collection-set-02-kawaii-sticker-14.webp,kawaii-easter-bunny-rainbow-heart-badge-sticker,kawaii-easter-bunny-rainbow-heart-badge-sticker.webp
02,15,ester-collection/crops/webp-1024-set-02/easter-collection-set-02-kawaii-sticker-15.webp,easter-collection-set-02-kawaii-sticker-15.webp,kawaii-easter-bunny-rainbow-calendar-card-sticker,kawaii-easter-bunny-rainbow-calendar-card-sticker.webp
02,16,ester-collection/crops/webp-1024-set-02/easter-collection-set-02-kawaii-sticker-16.webp,easter-collection-set-02-kawaii-sticker-16.webp,kawaii-easter-bunny-rainbow-stacked-books-sticker,kawaii-easter-bunny-rainbow-stacked-books-sticker.webp
02,17,ester-collection/crops/webp-1024-set-02/easter-collection-set-02-kawaii-sticker-17.webp,easter-collection-set-02-kawaii-sticker-17.webp,kawaii-easter-bunny-rainbow-floral-paper-sticker,kawaii-easter-bunny-rainbow-floral-paper-sticker.webp
02,18,ester-collection/crops/webp-1024-set-02/easter-collection-set-02-kawaii-sticker-18.webp,easter-collection-set-02-kawaii-sticker-18.webp,kawaii-easter-bunny-rainbow-letter-paper-sticker,kawaii-easter-bunny-rainbow-letter-paper-sticker.webp
02,19,ester-collection/crops/webp-1024-set-02/easter-collection-set-02-kawaii-sticker-19.webp,easter-collection-set-02-kawaii-sticker-19.webp,kawaii-easter-bunny-rainbow-microphone-small-sticker,kawaii-easter-bunny-rainbow-microphone-small-sticker.webp
02,20,ester-collection/crops/webp-1024-set-02/easter-collection-set-02-kawaii-sticker-20.webp,easter-collection-set-02-kawaii-sticker-20.webp,kawaii-easter-bunny-rainbow-carrot-sticker,kawaii-easter-bunny-rainbow-carrot-sticker.webp
02,21,ester-collection/crops/webp-1024-set-02/easter-collection-set-02-kawaii-sticker-21.webp,easter-collection-set-02-kawaii-sticker-21.webp,kawaii-easter-bunny-rainbow-bunny-balloon-sticker,kawaii-easter-bunny-rainbow-bunny-balloon-sticker.webp
02,22,ester-collection/crops/webp-1024-set-02/easter-collection-set-02-kawaii-sticker-22.webp,easter-collection-set-02-kawaii-sticker-22.webp,kawaii-easter-bunny-rainbow-pink-bunny-face-sticker,kawaii-easter-bunny-rainbow-pink-bunny-face-sticker.webp
02,23,ester-collection/crops/webp-1024-set-02/easter-collection-set-02-kawaii-sticker-23.webp,easter-collection-set-02-kawaii-sticker-23.webp,kawaii-easter-bunny-rainbow-open-notebook-sticker,kawaii-easter-bunny-rainbow-open-notebook-sticker.webp
02,24,ester-collection/crops/webp-1024-set-02/easter-collection-set-02-kawaii-sticker-24.webp,easter-collection-set-02-kawaii-sticker-24.webp,kawaii-easter-bunny-rainbow-basket-of-eggs-sticker,kawaii-easter-bunny-rainbow-basket-of-eggs-sticker.webp
02,25,ester-collection/crops/webp-1024-set-02/easter-collection-set-02-kawaii-sticker-25.webp,easter-collection-set-02-kawaii-sticker-25.webp,kawaii-easter-bunny-rainbow-orange-pencil-sticker,kawaii-easter-bunny-rainbow-orange-pencil-sticker.webp
02,26,ester-collection/crops/webp-1024-set-02/easter-collection-set-02-kawaii-sticker-26.webp,easter-collection-set-02-kawaii-sticker-26.webp,kawaii-easter-bunny-rainbow-teacup-sticker,kawaii-easter-bunny-rainbow-teacup-sticker.webp
02,27,ester-collection/crops/webp-1024-set-02/easter-collection-set-02-kawaii-sticker-27.webp,easter-collection-set-02-kawaii-sticker-27.webp,kawaii-easter-bunny-rainbow-pink-bunny-sticker,kawaii-easter-bunny-rainbow-pink-bunny-sticker.webp
02,28,ester-collection/crops/webp-1024-set-02/easter-collection-set-02-kawaii-sticker-28.webp,easter-collection-set-02-kawaii-sticker-28.webp,kawaii-easter-bunny-rainbow-blue-flower-pot-sticker,kawaii-easter-bunny-rainbow-blue-flower-pot-sticker.webp
03,01,ester-collection/crops/webp-1024-set-03/easter-collection-set-03-kawaii-sticker-01.webp,easter-collection-set-03-kawaii-sticker-01.webp,kawaii-easter-school-supplies-asset-01-sticker,kawaii-easter-school-supplies-asset-01-sticker.webp
03,02,ester-collection/crops/webp-1024-set-03/easter-collection-set-03-kawaii-sticker-02.webp,easter-collection-set-03-kawaii-sticker-02.webp,kawaii-easter-school-supplies-asset-02-sticker,kawaii-easter-school-supplies-asset-02-sticker.webp
03,03,ester-collection/crops/webp-1024-set-03/easter-collection-set-03-kawaii-sticker-03.webp,easter-collection-set-03-kawaii-sticker-03.webp,kawaii-easter-school-supplies-asset-03-sticker,kawaii-easter-school-supplies-asset-03-sticker.webp
03,04,ester-collection/crops/webp-1024-set-03/easter-collection-set-03-kawaii-sticker-04.webp,easter-collection-set-03-kawaii-sticker-04.webp,kawaii-easter-school-supplies-asset-04-sticker,kawaii-easter-school-supplies-asset-04-sticker.webp
03,05,ester-collection/crops/webp-1024-set-03/easter-collection-set-03-kawaii-sticker-05.webp,easter-collection-set-03-kawaii-sticker-05.webp,kawaii-easter-school-supplies-asset-05-sticker,kawaii-easter-school-supplies-asset-05-sticker.webp
03,06,ester-collection/crops/webp-1024-set-03/easter-collection-set-03-kawaii-sticker-06.webp,easter-collection-set-03-kawaii-sticker-06.webp,kawaii-easter-school-supplies-asset-06-sticker,kawaii-easter-school-supplies-asset-06-sticker.webp
03,07,ester-collection/crops/webp-1024-set-03/easter-collection-set-03-kawaii-sticker-07.webp,easter-collection-set-03-kawaii-sticker-07.webp,kawaii-easter-school-supplies-asset-07-sticker,kawaii-easter-school-supplies-asset-07-sticker.webp
03,08,ester-collection/crops/webp-1024-set-03/easter-collection-set-03-kawaii-sticker-08.webp,easter-collection-set-03-kawaii-sticker-08.webp,kawaii-easter-school-supplies-asset-08-sticker,kawaii-easter-school-supplies-asset-08-sticker.webp
03,09,ester-collection/crops/webp-1024-set-03/easter-collection-set-03-kawaii-sticker-09.webp,easter-collection-set-03-kawaii-sticker-09.webp,kawaii-easter-school-supplies-asset-09-sticker,kawaii-easter-school-supplies-asset-09-sticker.webp
03,10,ester-collection/crops/webp-1024-set-03/easter-collection-set-03-kawaii-sticker-10.webp,easter-collection-set-03-kawaii-sticker-10.webp,kawaii-easter-school-supplies-asset-10-sticker,kawaii-easter-school-supplies-asset-10-sticker.webp
03,11,ester-collection/crops/webp-1024-set-03/easter-collection-set-03-kawaii-sticker-11.webp,easter-collection-set-03-kawaii-sticker-11.webp,kawaii-easter-school-supplies-asset-11-sticker,kawaii-easter-school-supplies-asset-11-sticker.webp
03,12,ester-collection/crops/webp-1024-set-03/easter-collection-set-03-kawaii-sticker-12.webp,easter-collection-set-03-kawaii-sticker-12.webp,kawaii-easter-school-supplies-asset-12-sticker,kawaii-easter-school-supplies-asset-12-sticker.webp
03,13,ester-collection/crops/webp-1024-set-03/easter-collection-set-03-kawaii-sticker-13.webp,easter-collection-set-03-kawaii-sticker-13.webp,kawaii-easter-school-supplies-asset-13-sticker,kawaii-easter-school-supplies-asset-13-sticker.webp
03,14,ester-collection/crops/webp-1024-set-03/easter-collection-set-03-kawaii-sticker-14.webp,easter-collection-set-03-kawaii-sticker-14.webp,kawaii-easter-school-supplies-asset-14-sticker,kawaii-easter-school-supplies-asset-14-sticker.webp
03,15,ester-collection/crops/webp-1024-set-03/easter-collection-set-03-kawaii-sticker-15.webp,easter-collection-set-03-kawaii-sticker-15.webp,kawaii-easter-school-supplies-asset-15-sticker,kawaii-easter-school-supplies-asset-15-sticker.webp
03,16,ester-collection/crops/webp-1024-set-03/easter-collection-set-03-kawaii-sticker-16.webp,easter-collection-set-03-kawaii-sticker-16.webp,kawaii-easter-school-supplies-asset-16-sticker,kawaii-easter-school-supplies-asset-16-sticker.webp
03,17,ester-collection/crops/webp-1024-set-03/easter-collection-set-03-kawaii-sticker-17.webp,easter-collection-set-03-kawaii-sticker-17.webp,kawaii-easter-school-supplies-asset-17-sticker,kawaii-easter-school-supplies-asset-17-sticker.webp
03,18,ester-collection/crops/webp-1024-set-03/easter-collection-set-03-kawaii-sticker-18.webp,easter-collection-set-03-kawaii-sticker-18.webp,kawaii-easter-school-supplies-asset-18-sticker,kawaii-easter-school-supplies-asset-18-sticker.webp
03,19,ester-collection/crops/webp-1024-set-03/easter-collection-set-03-kawaii-sticker-19.webp,easter-collection-set-03-kawaii-sticker-19.webp,kawaii-easter-school-supplies-asset-19-sticker,kawaii-easter-school-supplies-asset-19-sticker.webp
03,20,ester-collection/crops/webp-1024-set-03/easter-collection-set-03-kawaii-sticker-20.webp,easter-collection-set-03-kawaii-sticker-20.webp,kawaii-easter-school-supplies-asset-20-sticker,kawaii-easter-school-supplies-asset-20-sticker.webp
03,21,ester-collection/crops/webp-1024-set-03/easter-collection-set-03-kawaii-sticker-21.webp,easter-collection-set-03-kawaii-sticker-21.webp,kawaii-easter-school-supplies-asset-21-sticker,kawaii-easter-school-supplies-asset-21-sticker.webp
03,22,ester-collection/crops/webp-1024-set-03/easter-collection-set-03-kawaii-sticker-22.webp,easter-collection-set-03-kawaii-sticker-22.webp,kawaii-easter-school-supplies-asset-22-sticker,kawaii-easter-school-supplies-asset-22-sticker.webp
03,23,ester-collection/crops/webp-1024-set-03/easter-collection-set-03-kawaii-sticker-23.webp,easter-collection-set-03-kawaii-sticker-23.webp,kawaii-easter-school-supplies-asset-23-sticker,kawaii-easter-school-supplies-asset-23-sticker.webp
03,24,ester-collection/crops/webp-1024-set-03/easter-collection-set-03-kawaii-sticker-24.webp,easter-collection-set-03-kawaii-sticker-24.webp,kawaii-easter-school-supplies-asset-24-sticker,kawaii-easter-school-supplies-asset-24-sticker.webp
03,25,ester-collection/crops/webp-1024-set-03/easter-collection-set-03-kawaii-sticker-25.webp,easter-collection-set-03-kawaii-sticker-25.webp,kawaii-easter-school-supplies-asset-25-sticker,kawaii-easter-school-supplies-asset-25-sticker.webp
03,26,ester-collection/crops/webp-1024-set-03/easter-collection-set-03-kawaii-sticker-26.webp,easter-collection-set-03-kawaii-sticker-26.webp,kawaii-easter-school-supplies-asset-26-sticker,kawaii-easter-school-supplies-asset-26-sticker.webp
03,27,ester-collection/crops/webp-1024-set-03/easter-collection-set-03-kawaii-sticker-27.webp,easter-collection-set-03-kawaii-sticker-27.webp,kawaii-easter-school-supplies-asset-27-sticker,kawaii-easter-school-supplies-asset-27-sticker.webp
03,28,ester-collection/crops/webp-1024-set-03/easter-collection-set-03-kawaii-sticker-28.webp,easter-collection-set-03-kawaii-sticker-28.webp,kawaii-easter-school-supplies-asset-28-sticker,kawaii-easter-school-supplies-asset-28-sticker.webp
04,01,ester-collection/crops/webp-1024-set-04/easter-collection-set-04-kawaii-sticker-01.webp,easter-collection-set-04-kawaii-sticker-01.webp,kawaii-pastel-school-supplies-asset-01-sticker,kawaii-pastel-school-supplies-asset-01-sticker.webp
04,02,ester-collection/crops/webp-1024-set-04/easter-collection-set-04-kawaii-sticker-02.webp,easter-collection-set-04-kawaii-sticker-02.webp,kawaii-pastel-school-supplies-asset-02-sticker,kawaii-pastel-school-supplies-asset-02-sticker.webp
04,03,ester-collection/crops/webp-1024-set-04/easter-collection-set-04-kawaii-sticker-03.webp,easter-collection-set-04-kawaii-sticker-03.webp,kawaii-pastel-school-supplies-asset-03-sticker,kawaii-pastel-school-supplies-asset-03-sticker.webp
04,04,ester-collection/crops/webp-1024-set-04/easter-collection-set-04-kawaii-sticker-04.webp,easter-collection-set-04-kawaii-sticker-04.webp,kawaii-pastel-school-supplies-asset-04-sticker,kawaii-pastel-school-supplies-asset-04-sticker.webp
04,05,ester-collection/crops/webp-1024-set-04/easter-collection-set-04-kawaii-sticker-05.webp,easter-collection-set-04-kawaii-sticker-05.webp,kawaii-pastel-school-supplies-asset-05-sticker,kawaii-pastel-school-supplies-asset-05-sticker.webp
04,06,ester-collection/crops/webp-1024-set-04/easter-collection-set-04-kawaii-sticker-06.webp,easter-collection-set-04-kawaii-sticker-06.webp,kawaii-pastel-school-supplies-asset-06-sticker,kawaii-pastel-school-supplies-asset-06-sticker.webp
04,07,ester-collection/crops/webp-1024-set-04/easter-collection-set-04-kawaii-sticker-07.webp,easter-collection-set-04-kawaii-sticker-07.webp,kawaii-pastel-school-supplies-asset-07-sticker,kawaii-pastel-school-supplies-asset-07-sticker.webp
04,08,ester-collection/crops/webp-1024-set-04/easter-collection-set-04-kawaii-sticker-08.webp,easter-collection-set-04-kawaii-sticker-08.webp,kawaii-pastel-school-supplies-asset-08-sticker,kawaii-pastel-school-supplies-asset-08-sticker.webp
04,09,ester-collection/crops/webp-1024-set-04/easter-collection-set-04-kawaii-sticker-09.webp,easter-collection-set-04-kawaii-sticker-09.webp,kawaii-pastel-school-supplies-asset-09-sticker,kawaii-pastel-school-supplies-asset-09-sticker.webp
04,10,ester-collection/crops/webp-1024-set-04/easter-collection-set-04-kawaii-sticker-10.webp,easter-collection-set-04-kawaii-sticker-10.webp,kawaii-pastel-school-supplies-asset-10-sticker,kawaii-pastel-school-supplies-asset-10-sticker.webp
04,11,ester-collection/crops/webp-1024-set-04/easter-collection-set-04-kawaii-sticker-11.webp,easter-collection-set-04-kawaii-sticker-11.webp,kawaii-pastel-school-supplies-asset-11-sticker,kawaii-pastel-school-supplies-asset-11-sticker.webp
04,12,ester-collection/crops/webp-1024-set-04/easter-collection-set-04-kawaii-sticker-12.webp,easter-collection-set-04-kawaii-sticker-12.webp,kawaii-pastel-school-supplies-asset-12-sticker,kawaii-pastel-school-supplies-asset-12-sticker.webp
04,13,ester-collection/crops/webp-1024-set-04/easter-collection-set-04-kawaii-sticker-13.webp,easter-collection-set-04-kawaii-sticker-13.webp,kawaii-pastel-school-supplies-asset-13-sticker,kawaii-pastel-school-supplies-asset-13-sticker.webp
04,14,ester-collection/crops/webp-1024-set-04/easter-collection-set-04-kawaii-sticker-14.webp,easter-collection-set-04-kawaii-sticker-14.webp,kawaii-pastel-school-supplies-asset-14-sticker,kawaii-pastel-school-supplies-asset-14-sticker.webp
04,15,ester-collection/crops/webp-1024-set-04/easter-collection-set-04-kawaii-sticker-15.webp,easter-collection-set-04-kawaii-sticker-15.webp,kawaii-pastel-school-supplies-asset-15-sticker,kawaii-pastel-school-supplies-asset-15-sticker.webp
04,16,ester-collection/crops/webp-1024-set-04/easter-collection-set-04-kawaii-sticker-16.webp,easter-collection-set-04-kawaii-sticker-16.webp,kawaii-pastel-school-supplies-asset-16-sticker,kawaii-pastel-school-supplies-asset-16-sticker.webp
04,17,ester-collection/crops/webp-1024-set-04/easter-collection-set-04-kawaii-sticker-17.webp,easter-collection-set-04-kawaii-sticker-17.webp,kawaii-pastel-school-supplies-asset-17-sticker,kawaii-pastel-school-supplies-asset-17-sticker.webp
04,18,ester-collection/crops/webp-1024-set-04/easter-collection-set-04-kawaii-sticker-18.webp,easter-collection-set-04-kawaii-sticker-18.webp,kawaii-pastel-school-supplies-asset-18-sticker,kawaii-pastel-school-supplies-asset-18-sticker.webp
04,19,ester-collection/crops/webp-1024-set-04/easter-collection-set-04-kawaii-sticker-19.webp,easter-collection-set-04-kawaii-sticker-19.webp,kawaii-pastel-school-supplies-asset-19-sticker,kawaii-pastel-school-supplies-asset-19-sticker.webp
04,20,ester-collection/crops/webp-1024-set-04/easter-collection-set-04-kawaii-sticker-20.webp,easter-collection-set-04-kawaii-sticker-20.webp,kawaii-pastel-school-supplies-asset-20-sticker,kawaii-pastel-school-supplies-asset-20-sticker.webp
04,21,ester-collection/crops/webp-1024-set-04/easter-collection-set-04-kawaii-sticker-21.webp,easter-collection-set-04-kawaii-sticker-21.webp,kawaii-pastel-school-supplies-asset-21-sticker,kawaii-pastel-school-supplies-asset-21-sticker.webp
04,22,ester-collection/crops/webp-1024-set-04/easter-collection-set-04-kawaii-sticker-22.webp,easter-collection-set-04-kawaii-sticker-22.webp,kawaii-pastel-school-supplies-asset-22-sticker,kawaii-pastel-school-supplies-asset-22-sticker.webp
04,23,ester-collection/crops/webp-1024-set-04/easter-collection-set-04-kawaii-sticker-23.webp,easter-collection-set-04-kawaii-sticker-23.webp,kawaii-pastel-school-supplies-asset-23-sticker,kawaii-pastel-school-supplies-asset-23-sticker.webp
04,24,ester-collection/crops/webp-1024-set-04/easter-collection-set-04-kawaii-sticker-24.webp,easter-collection-set-04-kawaii-sticker-24.webp,kawaii-pastel-school-supplies-asset-24-sticker,kawaii-pastel-school-supplies-asset-24-sticker.webp
04,25,ester-collection/crops/webp-1024-set-04/easter-collection-set-04-kawaii-sticker-25.webp,easter-collection-set-04-kawaii-sticker-25.webp,kawaii-pastel-school-supplies-asset-25-sticker,kawaii-pastel-school-supplies-asset-25-sticker.webp
04,26,ester-collection/crops/webp-1024-set-04/easter-collection-set-04-kawaii-sticker-26.webp,easter-collection-set-04-kawaii-sticker-26.webp,kawaii-pastel-school-supplies-asset-26-sticker,kawaii-pastel-school-supplies-asset-26-sticker.webp
04,27,ester-collection/crops/webp-1024-set-04/easter-collection-set-04-kawaii-sticker-27.webp,easter-collection-set-04-kawaii-sticker-27.webp,kawaii-pastel-school-supplies-asset-27-sticker,kawaii-pastel-school-supplies-asset-27-sticker.webp
04,28,ester-collection/crops/webp-1024-set-04/easter-collection-set-04-kawaii-sticker-28.webp,easter-collection-set-04-kawaii-sticker-28.webp,kawaii-pastel-school-supplies-asset-28-sticker,kawaii-pastel-school-supplies-asset-28-sticker.webp
05,01,ester-collection/crops/webp-1024-set-05/easter-collection-set-05-kawaii-sticker-01.webp,easter-collection-set-05-kawaii-sticker-01.webp,kawaii-medical-care-asset-01-sticker,kawaii-medical-care-asset-01-sticker.webp
05,02,ester-collection/crops/webp-1024-set-05/easter-collection-set-05-kawaii-sticker-02.webp,easter-collection-set-05-kawaii-sticker-02.webp,kawaii-medical-care-asset-02-sticker,kawaii-medical-care-asset-02-sticker.webp
05,03,ester-collection/crops/webp-1024-set-05/easter-collection-set-05-kawaii-sticker-03.webp,easter-collection-set-05-kawaii-sticker-03.webp,kawaii-medical-care-asset-03-sticker,kawaii-medical-care-asset-03-sticker.webp
05,04,ester-collection/crops/webp-1024-set-05/easter-collection-set-05-kawaii-sticker-04.webp,easter-collection-set-05-kawaii-sticker-04.webp,kawaii-medical-care-asset-04-sticker,kawaii-medical-care-asset-04-sticker.webp
05,05,ester-collection/crops/webp-1024-set-05/easter-collection-set-05-kawaii-sticker-05.webp,easter-collection-set-05-kawaii-sticker-05.webp,kawaii-medical-care-asset-05-sticker,kawaii-medical-care-asset-05-sticker.webp
05,06,ester-collection/crops/webp-1024-set-05/easter-collection-set-05-kawaii-sticker-06.webp,easter-collection-set-05-kawaii-sticker-06.webp,kawaii-medical-care-asset-06-sticker,kawaii-medical-care-asset-06-sticker.webp
05,07,ester-collection/crops/webp-1024-set-05/easter-collection-set-05-kawaii-sticker-07.webp,easter-collection-set-05-kawaii-sticker-07.webp,kawaii-medical-care-asset-07-sticker,kawaii-medical-care-asset-07-sticker.webp
05,08,ester-collection/crops/webp-1024-set-05/easter-collection-set-05-kawaii-sticker-08.webp,easter-collection-set-05-kawaii-sticker-08.webp,kawaii-medical-care-asset-08-sticker,kawaii-medical-care-asset-08-sticker.webp
05,09,ester-collection/crops/webp-1024-set-05/easter-collection-set-05-kawaii-sticker-09.webp,easter-collection-set-05-kawaii-sticker-09.webp,kawaii-medical-care-asset-09-sticker,kawaii-medical-care-asset-09-sticker.webp
05,10,ester-collection/crops/webp-1024-set-05/easter-collection-set-05-kawaii-sticker-10.webp,easter-collection-set-05-kawaii-sticker-10.webp,kawaii-medical-care-asset-10-sticker,kawaii-medical-care-asset-10-sticker.webp
05,11,ester-collection/crops/webp-1024-set-05/easter-collection-set-05-kawaii-sticker-11.webp,easter-collection-set-05-kawaii-sticker-11.webp,kawaii-medical-care-asset-11-sticker,kawaii-medical-care-asset-11-sticker.webp
05,12,ester-collection/crops/webp-1024-set-05/easter-collection-set-05-kawaii-sticker-12.webp,easter-collection-set-05-kawaii-sticker-12.webp,kawaii-medical-care-asset-12-sticker,kawaii-medical-care-asset-12-sticker.webp
05,13,ester-collection/crops/webp-1024-set-05/easter-collection-set-05-kawaii-sticker-13.webp,easter-collection-set-05-kawaii-sticker-13.webp,kawaii-medical-care-asset-13-sticker,kawaii-medical-care-asset-13-sticker.webp
05,14,ester-collection/crops/webp-1024-set-05/easter-collection-set-05-kawaii-sticker-14.webp,easter-collection-set-05-kawaii-sticker-14.webp,kawaii-medical-care-asset-14-sticker,kawaii-medical-care-asset-14-sticker.webp
05,15,ester-collection/crops/webp-1024-set-05/easter-collection-set-05-kawaii-sticker-15.webp,easter-collection-set-05-kawaii-sticker-15.webp,kawaii-medical-care-asset-15-sticker,kawaii-medical-care-asset-15-sticker.webp
05,16,ester-collection/crops/webp-1024-set-05/easter-collection-set-05-kawaii-sticker-16.webp,easter-collection-set-05-kawaii-sticker-16.webp,kawaii-medical-care-asset-16-sticker,kawaii-medical-care-asset-16-sticker.webp
05,17,ester-collection/crops/webp-1024-set-05/easter-collection-set-05-kawaii-sticker-17.webp,easter-collection-set-05-kawaii-sticker-17.webp,kawaii-medical-care-asset-17-sticker,kawaii-medical-care-asset-17-sticker.webp
05,18,ester-collection/crops/webp-1024-set-05/easter-collection-set-05-kawaii-sticker-18.webp,easter-collection-set-05-kawaii-sticker-18.webp,kawaii-medical-care-asset-18-sticker,kawaii-medical-care-asset-18-sticker.webp
05,19,ester-collection/crops/webp-1024-set-05/easter-collection-set-05-kawaii-sticker-19.webp,easter-collection-set-05-kawaii-sticker-19.webp,kawaii-medical-care-asset-19-sticker,kawaii-medical-care-asset-19-sticker.webp
05,20,ester-collection/crops/webp-1024-set-05/easter-collection-set-05-kawaii-sticker-20.webp,easter-collection-set-05-kawaii-sticker-20.webp,kawaii-medical-care-asset-20-sticker,kawaii-medical-care-asset-20-sticker.webp
05,21,ester-collection/crops/webp-1024-set-05/easter-collection-set-05-kawaii-sticker-21.webp,easter-collection-set-05-kawaii-sticker-21.webp,kawaii-medical-care-asset-21-sticker,kawaii-medical-care-asset-21-sticker.webp
05,22,ester-collection/crops/webp-1024-set-05/easter-collection-set-05-kawaii-sticker-22.webp,easter-collection-set-05-kawaii-sticker-22.webp,kawaii-medical-care-asset-22-sticker,kawaii-medical-care-asset-22-sticker.webp
05,23,ester-collection/crops/webp-1024-set-05/easter-collection-set-05-kawaii-sticker-23.webp,easter-collection-set-05-kawaii-sticker-23.webp,kawaii-medical-care-asset-23-sticker,kawaii-medical-care-asset-23-sticker.webp
05,24,ester-collection/crops/webp-1024-set-05/easter-collection-set-05-kawaii-sticker-24.webp,easter-collection-set-05-kawaii-sticker-24.webp,kawaii-medical-care-asset-24-sticker,kawaii-medical-care-asset-24-sticker.webp
05,25,ester-collection/crops/webp-1024-set-05/easter-collection-set-05-kawaii-sticker-25.webp,easter-collection-set-05-kawaii-sticker-25.webp,kawaii-medical-care-asset-25-sticker,kawaii-medical-care-asset-25-sticker.webp
05,26,ester-collection/crops/webp-1024-set-05/easter-collection-set-05-kawaii-sticker-26.webp,easter-collection-set-05-kawaii-sticker-26.webp,kawaii-medical-care-asset-26-sticker,kawaii-medical-care-asset-26-sticker.webp
05,27,ester-collection/crops/webp-1024-set-05/easter-collection-set-05-kawaii-sticker-27.webp,easter-collection-set-05-kawaii-sticker-27.webp,kawaii-medical-care-asset-27-sticker,kawaii-medical-care-asset-27-sticker.webp
05,28,ester-collection/crops/webp-1024-set-05/easter-collection-set-05-kawaii-sticker-28.webp,easter-collection-set-05-kawaii-sticker-28.webp,kawaii-medical-care-asset-28-sticker,kawaii-medical-care-asset-28-sticker.webp
05,29,ester-collection/crops/webp-1024-set-05/easter-collection-set-05-kawaii-sticker-29.webp,easter-collection-set-05-kawaii-sticker-29.webp,kawaii-medical-care-asset-29-sticker,kawaii-medical-care-asset-29-sticker.webp
06,01,ester-collection/crops/webp-1024-set-06/easter-collection-set-06-kawaii-sticker-01.webp,easter-collection-set-06-kawaii-sticker-01.webp,kawaii-transportation-yellow-car-sticker,kawaii-transportation-yellow-car-sticker.webp
06,02,ester-collection/crops/webp-1024-set-06/easter-collection-set-06-kawaii-sticker-02.webp,easter-collection-set-06-kawaii-sticker-02.webp,kawaii-transportation-blue-airplane-sticker,kawaii-transportation-blue-airplane-sticker.webp
06,03,ester-collection/crops/webp-1024-set-06/easter-collection-set-06-kawaii-sticker-03.webp,easter-collection-set-06-kawaii-sticker-03.webp,kawaii-transportation-sailboat-sticker,kawaii-transportation-sailboat-sticker.webp
06,04,ester-collection/crops/webp-1024-set-06/easter-collection-set-06-kawaii-sticker-04.webp,easter-collection-set-06-kawaii-sticker-04.webp,kawaii-transportation-cream-horse-sticker,kawaii-transportation-cream-horse-sticker.webp
06,05,ester-collection/crops/webp-1024-set-06/easter-collection-set-06-kawaii-sticker-05.webp,easter-collection-set-06-kawaii-sticker-05.webp,kawaii-transportation-pink-scooter-sticker,kawaii-transportation-pink-scooter-sticker.webp
06,06,ester-collection/crops/webp-1024-set-06/easter-collection-set-06-kawaii-sticker-06.webp,easter-collection-set-06-kawaii-sticker-06.webp,kawaii-transportation-bicycle-sticker,kawaii-transportation-bicycle-sticker.webp
06,07,ester-collection/crops/webp-1024-set-06/easter-collection-set-06-kawaii-sticker-07.webp,easter-collection-set-06-kawaii-sticker-07.webp,kawaii-transportation-hot-air-balloon-sticker,kawaii-transportation-hot-air-balloon-sticker.webp
06,08,ester-collection/crops/webp-1024-set-06/easter-collection-set-06-kawaii-sticker-08.webp,easter-collection-set-06-kawaii-sticker-08.webp,kawaii-transportation-blue-bus-sticker,kawaii-transportation-blue-bus-sticker.webp
06,09,ester-collection/crops/webp-1024-set-06/easter-collection-set-06-kawaii-sticker-09.webp,easter-collection-set-06-kawaii-sticker-09.webp,kawaii-transportation-train-sticker,kawaii-transportation-train-sticker.webp
06,10,ester-collection/crops/webp-1024-set-06/easter-collection-set-06-kawaii-sticker-10.webp,easter-collection-set-06-kawaii-sticker-10.webp,kawaii-transportation-camper-van-sticker,kawaii-transportation-camper-van-sticker.webp
06,11,ester-collection/crops/webp-1024-set-06/easter-collection-set-06-kawaii-sticker-11.webp,easter-collection-set-06-kawaii-sticker-11.webp,kawaii-transportation-purple-airplane-sticker,kawaii-transportation-purple-airplane-sticker.webp
06,12,ester-collection/crops/webp-1024-set-06/easter-collection-set-06-kawaii-sticker-12.webp,easter-collection-set-06-kawaii-sticker-12.webp,kawaii-transportation-sailboat-small-sticker,kawaii-transportation-sailboat-small-sticker.webp
06,13,ester-collection/crops/webp-1024-set-06/easter-collection-set-06-kawaii-sticker-13.webp,easter-collection-set-06-kawaii-sticker-13.webp,kawaii-transportation-orange-scooter-sticker,kawaii-transportation-orange-scooter-sticker.webp
06,14,ester-collection/crops/webp-1024-set-06/easter-collection-set-06-kawaii-sticker-14.webp,easter-collection-set-06-kawaii-sticker-14.webp,kawaii-transportation-bicycle-small-sticker,kawaii-transportation-bicycle-small-sticker.webp
06,15,ester-collection/crops/webp-1024-set-06/easter-collection-set-06-kawaii-sticker-15.webp,easter-collection-set-06-kawaii-sticker-15.webp,kawaii-transportation-blue-car-sticker,kawaii-transportation-blue-car-sticker.webp
06,16,ester-collection/crops/webp-1024-set-06/easter-collection-set-06-kawaii-sticker-16.webp,easter-collection-set-06-kawaii-sticker-16.webp,kawaii-transportation-speech-bubble-sticker,kawaii-transportation-speech-bubble-sticker.webp
06,17,ester-collection/crops/webp-1024-set-06/easter-collection-set-06-kawaii-sticker-17.webp,easter-collection-set-06-kawaii-sticker-17.webp,kawaii-transportation-cream-bus-sticker,kawaii-transportation-cream-bus-sticker.webp
06,18,ester-collection/crops/webp-1024-set-06/easter-collection-set-06-kawaii-sticker-18.webp,easter-collection-set-06-kawaii-sticker-18.webp,kawaii-transportation-pink-car-sticker,kawaii-transportation-pink-car-sticker.webp
06,19,ester-collection/crops/webp-1024-set-06/easter-collection-set-06-kawaii-sticker-19.webp,easter-collection-set-06-kawaii-sticker-19.webp,kawaii-transportation-green-airplane-sticker,kawaii-transportation-green-airplane-sticker.webp
06,20,ester-collection/crops/webp-1024-set-06/easter-collection-set-06-kawaii-sticker-20.webp,easter-collection-set-06-kawaii-sticker-20.webp,kawaii-transportation-boat-sticker,kawaii-transportation-boat-sticker.webp
06,21,ester-collection/crops/webp-1024-set-06/easter-collection-set-06-kawaii-sticker-21.webp,easter-collection-set-06-kawaii-sticker-21.webp,kawaii-transportation-horse-sticker,kawaii-transportation-horse-sticker.webp
06,22,ester-collection/crops/webp-1024-set-06/easter-collection-set-06-kawaii-sticker-22.webp,easter-collection-set-06-kawaii-sticker-22.webp,kawaii-transportation-bicycle-blue-sticker,kawaii-transportation-bicycle-blue-sticker.webp
06,23,ester-collection/crops/webp-1024-set-06/easter-collection-set-06-kawaii-sticker-23.webp,easter-collection-set-06-kawaii-sticker-23.webp,kawaii-transportation-bunny-scooter-sticker,kawaii-transportation-bunny-scooter-sticker.webp
06,24,ester-collection/crops/webp-1024-set-06/easter-collection-set-06-kawaii-sticker-24.webp,easter-collection-set-06-kawaii-sticker-24.webp,kawaii-transportation-bus-small-sticker,kawaii-transportation-bus-small-sticker.webp
06,25,ester-collection/crops/webp-1024-set-06/easter-collection-set-06-kawaii-sticker-25.webp,easter-collection-set-06-kawaii-sticker-25.webp,kawaii-transportation-white-car-sticker,kawaii-transportation-white-car-sticker.webp
06,26,ester-collection/crops/webp-1024-set-06/easter-collection-set-06-kawaii-sticker-26.webp,easter-collection-set-06-kawaii-sticker-26.webp,kawaii-transportation-yellow-plane-sticker,kawaii-transportation-yellow-plane-sticker.webp
06,27,ester-collection/crops/webp-1024-set-06/easter-collection-set-06-kawaii-sticker-27.webp,easter-collection-set-06-kawaii-sticker-27.webp,kawaii-transportation-boat-small-sticker,kawaii-transportation-boat-small-sticker.webp
06,28,ester-collection/crops/webp-1024-set-06/easter-collection-set-06-kawaii-sticker-28.webp,easter-collection-set-06-kawaii-sticker-28.webp,kawaii-transportation-horse-small-sticker,kawaii-transportation-horse-small-sticker.webp
06,29,ester-collection/crops/webp-1024-set-06/easter-collection-set-06-kawaii-sticker-29.webp,easter-collection-set-06-kawaii-sticker-29.webp,kawaii-transportation-bicycle-brown-sticker,kawaii-transportation-bicycle-brown-sticker.webp
06,30,ester-collection/crops/webp-1024-set-06/easter-collection-set-06-kawaii-sticker-30.webp,easter-collection-set-06-kawaii-sticker-30.webp,kawaii-transportation-balloon-sticker,kawaii-transportation-balloon-sticker.webp
06,31,ester-collection/crops/webp-1024-set-06/easter-collection-set-06-kawaii-sticker-31.webp,easter-collection-set-06-kawaii-sticker-31.webp,kawaii-transportation-bus-blue-sticker,kawaii-transportation-bus-blue-sticker.webp
06,32,ester-collection/crops/webp-1024-set-06/easter-collection-set-06-kawaii-sticker-32.webp,easter-collection-set-06-kawaii-sticker-32.webp,kawaii-transportation-van-sticker,kawaii-transportation-van-sticker.webp
06,33,ester-collection/crops/webp-1024-set-06/easter-collection-set-06-kawaii-sticker-33.webp,easter-collection-set-06-kawaii-sticker-33.webp,kawaii-transportation-pink-car-small-sticker,kawaii-transportation-pink-car-small-sticker.webp
06,34,ester-collection/crops/webp-1024-set-06/easter-collection-set-06-kawaii-sticker-34.webp,easter-collection-set-06-kawaii-sticker-34.webp,kawaii-transportation-yellow-car-small-sticker,kawaii-transportation-yellow-car-small-sticker.webp
06,35,ester-collection/crops/webp-1024-set-06/easter-collection-set-06-kawaii-sticker-35.webp,easter-collection-set-06-kawaii-sticker-35.webp,kawaii-transportation-blue-car-small-sticker,kawaii-transportation-blue-car-small-sticker.webp
06,36,ester-collection/crops/webp-1024-set-06/easter-collection-set-06-kawaii-sticker-36.webp,easter-collection-set-06-kawaii-sticker-36.webp,kawaii-transportation-yellow-car-tiny-sticker,kawaii-transportation-yellow-car-tiny-sticker.webp
07,01,ester-collection/crops/webp-1024-set-07/easter-collection-set-07-kawaii-sticker-01.webp,easter-collection-set-07-kawaii-sticker-01.webp,kawaii-easter-beauty-self-care-asset-01-sticker,kawaii-easter-beauty-self-care-asset-01-sticker.webp
07,02,ester-collection/crops/webp-1024-set-07/easter-collection-set-07-kawaii-sticker-02.webp,easter-collection-set-07-kawaii-sticker-02.webp,kawaii-easter-beauty-self-care-asset-02-sticker,kawaii-easter-beauty-self-care-asset-02-sticker.webp
07,03,ester-collection/crops/webp-1024-set-07/easter-collection-set-07-kawaii-sticker-03.webp,easter-collection-set-07-kawaii-sticker-03.webp,kawaii-easter-beauty-self-care-asset-03-sticker,kawaii-easter-beauty-self-care-asset-03-sticker.webp
07,04,ester-collection/crops/webp-1024-set-07/easter-collection-set-07-kawaii-sticker-04.webp,easter-collection-set-07-kawaii-sticker-04.webp,kawaii-easter-beauty-self-care-asset-04-sticker,kawaii-easter-beauty-self-care-asset-04-sticker.webp
07,05,ester-collection/crops/webp-1024-set-07/easter-collection-set-07-kawaii-sticker-05.webp,easter-collection-set-07-kawaii-sticker-05.webp,kawaii-easter-beauty-self-care-asset-05-sticker,kawaii-easter-beauty-self-care-asset-05-sticker.webp
07,06,ester-collection/crops/webp-1024-set-07/easter-collection-set-07-kawaii-sticker-06.webp,easter-collection-set-07-kawaii-sticker-06.webp,kawaii-easter-beauty-self-care-asset-06-sticker,kawaii-easter-beauty-self-care-asset-06-sticker.webp
07,07,ester-collection/crops/webp-1024-set-07/easter-collection-set-07-kawaii-sticker-07.webp,easter-collection-set-07-kawaii-sticker-07.webp,kawaii-easter-beauty-self-care-asset-07-sticker,kawaii-easter-beauty-self-care-asset-07-sticker.webp
07,08,ester-collection/crops/webp-1024-set-07/easter-collection-set-07-kawaii-sticker-08.webp,easter-collection-set-07-kawaii-sticker-08.webp,kawaii-easter-beauty-self-care-asset-08-sticker,kawaii-easter-beauty-self-care-asset-08-sticker.webp
07,09,ester-collection/crops/webp-1024-set-07/easter-collection-set-07-kawaii-sticker-09.webp,easter-collection-set-07-kawaii-sticker-09.webp,kawaii-easter-beauty-self-care-asset-09-sticker,kawaii-easter-beauty-self-care-asset-09-sticker.webp
07,10,ester-collection/crops/webp-1024-set-07/easter-collection-set-07-kawaii-sticker-10.webp,easter-collection-set-07-kawaii-sticker-10.webp,kawaii-easter-beauty-self-care-asset-10-sticker,kawaii-easter-beauty-self-care-asset-10-sticker.webp
07,11,ester-collection/crops/webp-1024-set-07/easter-collection-set-07-kawaii-sticker-11.webp,easter-collection-set-07-kawaii-sticker-11.webp,kawaii-easter-beauty-self-care-asset-11-sticker,kawaii-easter-beauty-self-care-asset-11-sticker.webp
07,12,ester-collection/crops/webp-1024-set-07/easter-collection-set-07-kawaii-sticker-12.webp,easter-collection-set-07-kawaii-sticker-12.webp,kawaii-easter-beauty-self-care-asset-12-sticker,kawaii-easter-beauty-self-care-asset-12-sticker.webp
07,13,ester-collection/crops/webp-1024-set-07/easter-collection-set-07-kawaii-sticker-13.webp,easter-collection-set-07-kawaii-sticker-13.webp,kawaii-easter-beauty-self-care-asset-13-sticker,kawaii-easter-beauty-self-care-asset-13-sticker.webp
07,14,ester-collection/crops/webp-1024-set-07/easter-collection-set-07-kawaii-sticker-14.webp,easter-collection-set-07-kawaii-sticker-14.webp,kawaii-easter-beauty-self-care-asset-14-sticker,kawaii-easter-beauty-self-care-asset-14-sticker.webp
07,15,ester-collection/crops/webp-1024-set-07/easter-collection-set-07-kawaii-sticker-15.webp,easter-collection-set-07-kawaii-sticker-15.webp,kawaii-easter-beauty-self-care-asset-15-sticker,kawaii-easter-beauty-self-care-asset-15-sticker.webp
07,16,ester-collection/crops/webp-1024-set-07/easter-collection-set-07-kawaii-sticker-16.webp,easter-collection-set-07-kawaii-sticker-16.webp,kawaii-easter-beauty-self-care-asset-16-sticker,kawaii-easter-beauty-self-care-asset-16-sticker.webp
07,17,ester-collection/crops/webp-1024-set-07/easter-collection-set-07-kawaii-sticker-17.webp,easter-collection-set-07-kawaii-sticker-17.webp,kawaii-easter-beauty-self-care-asset-17-sticker,kawaii-easter-beauty-self-care-asset-17-sticker.webp
07,18,ester-collection/crops/webp-1024-set-07/easter-collection-set-07-kawaii-sticker-18.webp,easter-collection-set-07-kawaii-sticker-18.webp,kawaii-easter-beauty-self-care-asset-18-sticker,kawaii-easter-beauty-self-care-asset-18-sticker.webp
07,19,ester-collection/crops/webp-1024-set-07/easter-collection-set-07-kawaii-sticker-19.webp,easter-collection-set-07-kawaii-sticker-19.webp,kawaii-easter-beauty-self-care-asset-19-sticker,kawaii-easter-beauty-self-care-asset-19-sticker.webp
07,20,ester-collection/crops/webp-1024-set-07/easter-collection-set-07-kawaii-sticker-20.webp,easter-collection-set-07-kawaii-sticker-20.webp,kawaii-easter-beauty-self-care-asset-20-sticker,kawaii-easter-beauty-self-care-asset-20-sticker.webp
07,21,ester-collection/crops/webp-1024-set-07/easter-collection-set-07-kawaii-sticker-21.webp,easter-collection-set-07-kawaii-sticker-21.webp,kawaii-easter-beauty-self-care-asset-21-sticker,kawaii-easter-beauty-self-care-asset-21-sticker.webp
07,22,ester-collection/crops/webp-1024-set-07/easter-collection-set-07-kawaii-sticker-22.webp,easter-collection-set-07-kawaii-sticker-22.webp,kawaii-easter-beauty-self-care-asset-22-sticker,kawaii-easter-beauty-self-care-asset-22-sticker.webp
07,23,ester-collection/crops/webp-1024-set-07/easter-collection-set-07-kawaii-sticker-23.webp,easter-collection-set-07-kawaii-sticker-23.webp,kawaii-easter-beauty-self-care-asset-23-sticker,kawaii-easter-beauty-self-care-asset-23-sticker.webp
07,24,ester-collection/crops/webp-1024-set-07/easter-collection-set-07-kawaii-sticker-24.webp,easter-collection-set-07-kawaii-sticker-24.webp,kawaii-easter-beauty-self-care-asset-24-sticker,kawaii-easter-beauty-self-care-asset-24-sticker.webp
07,25,ester-collection/crops/webp-1024-set-07/easter-collection-set-07-kawaii-sticker-25.webp,easter-collection-set-07-kawaii-sticker-25.webp,kawaii-easter-beauty-self-care-asset-25-sticker,kawaii-easter-beauty-self-care-asset-25-sticker.webp
07,26,ester-collection/crops/webp-1024-set-07/easter-collection-set-07-kawaii-sticker-26.webp,easter-collection-set-07-kawaii-sticker-26.webp,kawaii-easter-beauty-self-care-asset-26-sticker,kawaii-easter-beauty-self-care-asset-26-sticker.webp
07,27,ester-collection/crops/webp-1024-set-07/easter-collection-set-07-kawaii-sticker-27.webp,easter-collection-set-07-kawaii-sticker-27.webp,kawaii-easter-beauty-self-care-asset-27-sticker,kawaii-easter-beauty-self-care-asset-27-sticker.webp
07,28,ester-collection/crops/webp-1024-set-07/easter-collection-set-07-kawaii-sticker-28.webp,easter-collection-set-07-kawaii-sticker-28.webp,kawaii-easter-beauty-self-care-asset-28-sticker,kawaii-easter-beauty-self-care-asset-28-sticker.webp
08,01,ester-collection/crops/webp-1024-set-08/easter-collection-set-08-kawaii-sticker-01.webp,easter-collection-set-08-kawaii-sticker-01.webp,kawaii-easter-school-supplies-asset-01-sticker,kawaii-easter-school-supplies-asset-01-sticker.webp
08,02,ester-collection/crops/webp-1024-set-08/easter-collection-set-08-kawaii-sticker-02.webp,easter-collection-set-08-kawaii-sticker-02.webp,kawaii-easter-school-supplies-asset-02-sticker,kawaii-easter-school-supplies-asset-02-sticker.webp
08,03,ester-collection/crops/webp-1024-set-08/easter-collection-set-08-kawaii-sticker-03.webp,easter-collection-set-08-kawaii-sticker-03.webp,kawaii-easter-school-supplies-asset-03-sticker,kawaii-easter-school-supplies-asset-03-sticker.webp
08,04,ester-collection/crops/webp-1024-set-08/easter-collection-set-08-kawaii-sticker-04.webp,easter-collection-set-08-kawaii-sticker-04.webp,kawaii-easter-school-supplies-asset-04-sticker,kawaii-easter-school-supplies-asset-04-sticker.webp
08,05,ester-collection/crops/webp-1024-set-08/easter-collection-set-08-kawaii-sticker-05.webp,easter-collection-set-08-kawaii-sticker-05.webp,kawaii-easter-school-supplies-asset-05-sticker,kawaii-easter-school-supplies-asset-05-sticker.webp
08,06,ester-collection/crops/webp-1024-set-08/easter-collection-set-08-kawaii-sticker-06.webp,easter-collection-set-08-kawaii-sticker-06.webp,kawaii-easter-school-supplies-asset-06-sticker,kawaii-easter-school-supplies-asset-06-sticker.webp
08,07,ester-collection/crops/webp-1024-set-08/easter-collection-set-08-kawaii-sticker-07.webp,easter-collection-set-08-kawaii-sticker-07.webp,kawaii-easter-school-supplies-asset-07-sticker,kawaii-easter-school-supplies-asset-07-sticker.webp
08,08,ester-collection/crops/webp-1024-set-08/easter-collection-set-08-kawaii-sticker-08.webp,easter-collection-set-08-kawaii-sticker-08.webp,kawaii-easter-school-supplies-asset-08-sticker,kawaii-easter-school-supplies-asset-08-sticker.webp
08,09,ester-collection/crops/webp-1024-set-08/easter-collection-set-08-kawaii-sticker-09.webp,easter-collection-set-08-kawaii-sticker-09.webp,kawaii-easter-school-supplies-asset-09-sticker,kawaii-easter-school-supplies-asset-09-sticker.webp
08,10,ester-collection/crops/webp-1024-set-08/easter-collection-set-08-kawaii-sticker-10.webp,easter-collection-set-08-kawaii-sticker-10.webp,kawaii-easter-school-supplies-asset-10-sticker,kawaii-easter-school-supplies-asset-10-sticker.webp
08,11,ester-collection/crops/webp-1024-set-08/easter-collection-set-08-kawaii-sticker-11.webp,easter-collection-set-08-kawaii-sticker-11.webp,kawaii-easter-school-supplies-asset-11-sticker,kawaii-easter-school-supplies-asset-11-sticker.webp
08,12,ester-collection/crops/webp-1024-set-08/easter-collection-set-08-kawaii-sticker-12.webp,easter-collection-set-08-kawaii-sticker-12.webp,kawaii-easter-school-supplies-asset-12-sticker,kawaii-easter-school-supplies-asset-12-sticker.webp
08,13,ester-collection/crops/webp-1024-set-08/easter-collection-set-08-kawaii-sticker-13.webp,easter-collection-set-08-kawaii-sticker-13.webp,kawaii-easter-school-supplies-asset-13-sticker,kawaii-easter-school-supplies-asset-13-sticker.webp
08,14,ester-collection/crops/webp-1024-set-08/easter-collection-set-08-kawaii-sticker-14.webp,easter-collection-set-08-kawaii-sticker-14.webp,kawaii-easter-school-supplies-asset-14-sticker,kawaii-easter-school-supplies-asset-14-sticker.webp
08,15,ester-collection/crops/webp-1024-set-08/easter-collection-set-08-kawaii-sticker-15.webp,easter-collection-set-08-kawaii-sticker-15.webp,kawaii-easter-school-supplies-asset-15-sticker,kawaii-easter-school-supplies-asset-15-sticker.webp
08,16,ester-collection/crops/webp-1024-set-08/easter-collection-set-08-kawaii-sticker-16.webp,easter-collection-set-08-kawaii-sticker-16.webp,kawaii-easter-school-supplies-asset-16-sticker,kawaii-easter-school-supplies-asset-16-sticker.webp
08,17,ester-collection/crops/webp-1024-set-08/easter-collection-set-08-kawaii-sticker-17.webp,easter-collection-set-08-kawaii-sticker-17.webp,kawaii-easter-school-supplies-asset-17-sticker,kawaii-easter-school-supplies-asset-17-sticker.webp
08,18,ester-collection/crops/webp-1024-set-08/easter-collection-set-08-kawaii-sticker-18.webp,easter-collection-set-08-kawaii-sticker-18.webp,kawaii-easter-school-supplies-asset-18-sticker,kawaii-easter-school-supplies-asset-18-sticker.webp
08,19,ester-collection/crops/webp-1024-set-08/easter-collection-set-08-kawaii-sticker-19.webp,easter-collection-set-08-kawaii-sticker-19.webp,kawaii-easter-school-supplies-asset-19-sticker,kawaii-easter-school-supplies-asset-19-sticker.webp
08,20,ester-collection/crops/webp-1024-set-08/easter-collection-set-08-kawaii-sticker-20.webp,easter-collection-set-08-kawaii-sticker-20.webp,kawaii-easter-school-supplies-asset-20-sticker,kawaii-easter-school-supplies-asset-20-sticker.webp
08,21,ester-collection/crops/webp-1024-set-08/easter-collection-set-08-kawaii-sticker-21.webp,easter-collection-set-08-kawaii-sticker-21.webp,kawaii-easter-school-supplies-asset-21-sticker,kawaii-easter-school-supplies-asset-21-sticker.webp
08,22,ester-collection/crops/webp-1024-set-08/easter-collection-set-08-kawaii-sticker-22.webp,easter-collection-set-08-kawaii-sticker-22.webp,kawaii-easter-school-supplies-asset-22-sticker,kawaii-easter-school-supplies-asset-22-sticker.webp
08,23,ester-collection/crops/webp-1024-set-08/easter-collection-set-08-kawaii-sticker-23.webp,easter-collection-set-08-kawaii-sticker-23.webp,kawaii-easter-school-supplies-asset-23-sticker,kawaii-easter-school-supplies-asset-23-sticker.webp
08,24,ester-collection/crops/webp-1024-set-08/easter-collection-set-08-kawaii-sticker-24.webp,easter-collection-set-08-kawaii-sticker-24.webp,kawaii-easter-school-supplies-asset-24-sticker,kawaii-easter-school-supplies-asset-24-sticker.webp
08,25,ester-collection/crops/webp-1024-set-08/easter-collection-set-08-kawaii-sticker-25.webp,easter-collection-set-08-kawaii-sticker-25.webp,kawaii-easter-school-supplies-asset-25-sticker,kawaii-easter-school-supplies-asset-25-sticker.webp
08,26,ester-collection/crops/webp-1024-set-08/easter-collection-set-08-kawaii-sticker-26.webp,easter-collection-set-08-kawaii-sticker-26.webp,kawaii-easter-school-supplies-asset-26-sticker,kawaii-easter-school-supplies-asset-26-sticker.webp
08,27,ester-collection/crops/webp-1024-set-08/easter-collection-set-08-kawaii-sticker-27.webp,easter-collection-set-08-kawaii-sticker-27.webp,kawaii-easter-school-supplies-asset-27-sticker,kawaii-easter-school-supplies-asset-27-sticker.webp
08,28,ester-collection/crops/webp-1024-set-08/easter-collection-set-08-kawaii-sticker-28.webp,easter-collection-set-08-kawaii-sticker-28.webp,kawaii-easter-school-supplies-asset-28-sticker,kawaii-easter-school-supplies-asset-28-sticker.webp
09,01,ester-collection/crops/webp-1024-set-09/easter-collection-set-09-kawaii-sticker-01.webp,easter-collection-set-09-kawaii-sticker-01.webp,kawaii-transportation-yellow-car-sticker,kawaii-transportation-yellow-car-sticker.webp
09,02,ester-collection/crops/webp-1024-set-09/easter-collection-set-09-kawaii-sticker-02.webp,easter-collection-set-09-kawaii-sticker-02.webp,kawaii-transportation-blue-airplane-sticker,kawaii-transportation-blue-airplane-sticker.webp
09,03,ester-collection/crops/webp-1024-set-09/easter-collection-set-09-kawaii-sticker-03.webp,easter-collection-set-09-kawaii-sticker-03.webp,kawaii-transportation-basket-car-sticker,kawaii-transportation-basket-car-sticker.webp
09,04,ester-collection/crops/webp-1024-set-09/easter-collection-set-09-kawaii-sticker-04.webp,easter-collection-set-09-kawaii-sticker-04.webp,kawaii-transportation-white-airplane-sticker,kawaii-transportation-white-airplane-sticker.webp
09,05,ester-collection/crops/webp-1024-set-09/easter-collection-set-09-kawaii-sticker-05.webp,easter-collection-set-09-kawaii-sticker-05.webp,kawaii-transportation-sailboat-sticker,kawaii-transportation-sailboat-sticker.webp
09,06,ester-collection/crops/webp-1024-set-09/easter-collection-set-09-kawaii-sticker-06.webp,easter-collection-set-09-kawaii-sticker-06.webp,kawaii-transportation-bunny-horse-sticker,kawaii-transportation-bunny-horse-sticker.webp
09,07,ester-collection/crops/webp-1024-set-09/easter-collection-set-09-kawaii-sticker-07.webp,easter-collection-set-09-kawaii-sticker-07.webp,kawaii-transportation-yellow-bus-sticker,kawaii-transportation-yellow-bus-sticker.webp
09,08,ester-collection/crops/webp-1024-set-09/easter-collection-set-09-kawaii-sticker-08.webp,easter-collection-set-09-kawaii-sticker-08.webp,kawaii-transportation-white-car-sticker,kawaii-transportation-white-car-sticker.webp
09,09,ester-collection/crops/webp-1024-set-09/easter-collection-set-09-kawaii-sticker-09.webp,easter-collection-set-09-kawaii-sticker-09.webp,kawaii-transportation-green-car-sticker,kawaii-transportation-green-car-sticker.webp
09,10,ester-collection/crops/webp-1024-set-09/easter-collection-set-09-kawaii-sticker-10.webp,easter-collection-set-09-kawaii-sticker-10.webp,kawaii-transportation-red-car-sticker,kawaii-transportation-red-car-sticker.webp
09,11,ester-collection/crops/webp-1024-set-09/easter-collection-set-09-kawaii-sticker-11.webp,easter-collection-set-09-kawaii-sticker-11.webp,kawaii-transportation-blue-car-sticker,kawaii-transportation-blue-car-sticker.webp
09,12,ester-collection/crops/webp-1024-set-09/easter-collection-set-09-kawaii-sticker-12.webp,easter-collection-set-09-kawaii-sticker-12.webp,kawaii-transportation-cream-car-sticker,kawaii-transportation-cream-car-sticker.webp
09,13,ester-collection/crops/webp-1024-set-09/easter-collection-set-09-kawaii-sticker-13.webp,easter-collection-set-09-kawaii-sticker-13.webp,kawaii-transportation-pink-bus-sticker,kawaii-transportation-pink-bus-sticker.webp
09,14,ester-collection/crops/webp-1024-set-09/easter-collection-set-09-kawaii-sticker-14.webp,easter-collection-set-09-kawaii-sticker-14.webp,kawaii-transportation-pink-car-sticker,kawaii-transportation-pink-car-sticker.webp
09,15,ester-collection/crops/webp-1024-set-09/easter-collection-set-09-kawaii-sticker-15.webp,easter-collection-set-09-kawaii-sticker-15.webp,kawaii-transportation-orange-scooter-sticker,kawaii-transportation-orange-scooter-sticker.webp
09,16,ester-collection/crops/webp-1024-set-09/easter-collection-set-09-kawaii-sticker-16.webp,easter-collection-set-09-kawaii-sticker-16.webp,kawaii-transportation-blue-car-side-sticker,kawaii-transportation-blue-car-side-sticker.webp
09,17,ester-collection/crops/webp-1024-set-09/easter-collection-set-09-kawaii-sticker-17.webp,easter-collection-set-09-kawaii-sticker-17.webp,kawaii-transportation-blue-bus-sticker,kawaii-transportation-blue-bus-sticker.webp
09,18,ester-collection/crops/webp-1024-set-09/easter-collection-set-09-kawaii-sticker-18.webp,easter-collection-set-09-kawaii-sticker-18.webp,kawaii-transportation-pink-car-side-sticker,kawaii-transportation-pink-car-side-sticker.webp
09,19,ester-collection/crops/webp-1024-set-09/easter-collection-set-09-kawaii-sticker-19.webp,easter-collection-set-09-kawaii-sticker-19.webp,kawaii-transportation-yellow-bus-side-sticker,kawaii-transportation-yellow-bus-side-sticker.webp
09,20,ester-collection/crops/webp-1024-set-09/easter-collection-set-09-kawaii-sticker-20.webp,easter-collection-set-09-kawaii-sticker-20.webp,kawaii-transportation-pink-car-small-sticker,kawaii-transportation-pink-car-small-sticker.webp
09,21,ester-collection/crops/webp-1024-set-09/easter-collection-set-09-kawaii-sticker-21.webp,easter-collection-set-09-kawaii-sticker-21.webp,kawaii-transportation-yellow-car-small-sticker,kawaii-transportation-yellow-car-small-sticker.webp
09,22,ester-collection/crops/webp-1024-set-09/easter-collection-set-09-kawaii-sticker-22.webp,easter-collection-set-09-kawaii-sticker-22.webp,kawaii-transportation-blue-car-small-sticker,kawaii-transportation-blue-car-small-sticker.webp
09,23,ester-collection/crops/webp-1024-set-09/easter-collection-set-09-kawaii-sticker-23.webp,easter-collection-set-09-kawaii-sticker-23.webp,kawaii-transportation-yellow-car-tiny-sticker,kawaii-transportation-yellow-car-tiny-sticker.webp
09,24,ester-collection/crops/webp-1024-set-09/easter-collection-set-09-kawaii-sticker-24.webp,easter-collection-set-09-kawaii-sticker-24.webp,kawaii-transportation-bunny-horse-small-sticker,kawaii-transportation-bunny-horse-small-sticker.webp
09,25,ester-collection/crops/webp-1024-set-09/easter-collection-set-09-kawaii-sticker-25.webp,easter-collection-set-09-kawaii-sticker-25.webp,kawaii-transportation-blue-car-front-sticker,kawaii-transportation-blue-car-front-sticker.webp
09,26,ester-collection/crops/webp-1024-set-09/easter-collection-set-09-kawaii-sticker-26.webp,easter-collection-set-09-kawaii-sticker-26.webp,kawaii-transportation-yellow-car-front-sticker,kawaii-transportation-yellow-car-front-sticker.webp
09,27,ester-collection/crops/webp-1024-set-09/easter-collection-set-09-kawaii-sticker-27.webp,easter-collection-set-09-kawaii-sticker-27.webp,kawaii-transportation-pink-car-front-sticker,kawaii-transportation-pink-car-front-sticker.webp
09,28,ester-collection/crops/webp-1024-set-09/easter-collection-set-09-kawaii-sticker-28.webp,easter-collection-set-09-kawaii-sticker-28.webp,kawaii-transportation-cream-car-front-sticker,kawaii-transportation-cream-car-front-sticker.webp
10,01,ester-collection/crops/webp-1024-set-10/easter-collection-set-10-kawaii-sticker-01.webp,easter-collection-set-10-kawaii-sticker-01.webp,kawaii-easter-bunny-floral-asset-01-sticker,kawaii-easter-bunny-floral-asset-01-sticker.webp
10,02,ester-collection/crops/webp-1024-set-10/easter-collection-set-10-kawaii-sticker-02.webp,easter-collection-set-10-kawaii-sticker-02.webp,kawaii-easter-bunny-floral-asset-02-sticker,kawaii-easter-bunny-floral-asset-02-sticker.webp
10,03,ester-collection/crops/webp-1024-set-10/easter-collection-set-10-kawaii-sticker-03.webp,easter-collection-set-10-kawaii-sticker-03.webp,kawaii-easter-bunny-floral-asset-03-sticker,kawaii-easter-bunny-floral-asset-03-sticker.webp
10,04,ester-collection/crops/webp-1024-set-10/easter-collection-set-10-kawaii-sticker-04.webp,easter-collection-set-10-kawaii-sticker-04.webp,kawaii-easter-bunny-floral-asset-04-sticker,kawaii-easter-bunny-floral-asset-04-sticker.webp
10,05,ester-collection/crops/webp-1024-set-10/easter-collection-set-10-kawaii-sticker-05.webp,easter-collection-set-10-kawaii-sticker-05.webp,kawaii-easter-bunny-floral-asset-05-sticker,kawaii-easter-bunny-floral-asset-05-sticker.webp
10,06,ester-collection/crops/webp-1024-set-10/easter-collection-set-10-kawaii-sticker-06.webp,easter-collection-set-10-kawaii-sticker-06.webp,kawaii-easter-bunny-floral-asset-06-sticker,kawaii-easter-bunny-floral-asset-06-sticker.webp
10,07,ester-collection/crops/webp-1024-set-10/easter-collection-set-10-kawaii-sticker-07.webp,easter-collection-set-10-kawaii-sticker-07.webp,kawaii-easter-bunny-floral-asset-07-sticker,kawaii-easter-bunny-floral-asset-07-sticker.webp
10,08,ester-collection/crops/webp-1024-set-10/easter-collection-set-10-kawaii-sticker-08.webp,easter-collection-set-10-kawaii-sticker-08.webp,kawaii-easter-bunny-floral-asset-08-sticker,kawaii-easter-bunny-floral-asset-08-sticker.webp
10,09,ester-collection/crops/webp-1024-set-10/easter-collection-set-10-kawaii-sticker-09.webp,easter-collection-set-10-kawaii-sticker-09.webp,kawaii-easter-bunny-floral-asset-09-sticker,kawaii-easter-bunny-floral-asset-09-sticker.webp
10,10,ester-collection/crops/webp-1024-set-10/easter-collection-set-10-kawaii-sticker-10.webp,easter-collection-set-10-kawaii-sticker-10.webp,kawaii-easter-bunny-floral-asset-10-sticker,kawaii-easter-bunny-floral-asset-10-sticker.webp
10,11,ester-collection/crops/webp-1024-set-10/easter-collection-set-10-kawaii-sticker-11.webp,easter-collection-set-10-kawaii-sticker-11.webp,kawaii-easter-bunny-floral-asset-11-sticker,kawaii-easter-bunny-floral-asset-11-sticker.webp
10,12,ester-collection/crops/webp-1024-set-10/easter-collection-set-10-kawaii-sticker-12.webp,easter-collection-set-10-kawaii-sticker-12.webp,kawaii-easter-bunny-floral-asset-12-sticker,kawaii-easter-bunny-floral-asset-12-sticker.webp
10,13,ester-collection/crops/webp-1024-set-10/easter-collection-set-10-kawaii-sticker-13.webp,easter-collection-set-10-kawaii-sticker-13.webp,kawaii-easter-bunny-floral-asset-13-sticker,kawaii-easter-bunny-floral-asset-13-sticker.webp
10,14,ester-collection/crops/webp-1024-set-10/easter-collection-set-10-kawaii-sticker-14.webp,easter-collection-set-10-kawaii-sticker-14.webp,kawaii-easter-bunny-floral-asset-14-sticker,kawaii-easter-bunny-floral-asset-14-sticker.webp
10,15,ester-collection/crops/webp-1024-set-10/easter-collection-set-10-kawaii-sticker-15.webp,easter-collection-set-10-kawaii-sticker-15.webp,kawaii-easter-bunny-floral-asset-15-sticker,kawaii-easter-bunny-floral-asset-15-sticker.webp
10,16,ester-collection/crops/webp-1024-set-10/easter-collection-set-10-kawaii-sticker-16.webp,easter-collection-set-10-kawaii-sticker-16.webp,kawaii-easter-bunny-floral-asset-16-sticker,kawaii-easter-bunny-floral-asset-16-sticker.webp
10,17,ester-collection/crops/webp-1024-set-10/easter-collection-set-10-kawaii-sticker-17.webp,easter-collection-set-10-kawaii-sticker-17.webp,kawaii-easter-bunny-floral-asset-17-sticker,kawaii-easter-bunny-floral-asset-17-sticker.webp
10,18,ester-collection/crops/webp-1024-set-10/easter-collection-set-10-kawaii-sticker-18.webp,easter-collection-set-10-kawaii-sticker-18.webp,kawaii-easter-bunny-floral-asset-18-sticker,kawaii-easter-bunny-floral-asset-18-sticker.webp
10,19,ester-collection/crops/webp-1024-set-10/easter-collection-set-10-kawaii-sticker-19.webp,easter-collection-set-10-kawaii-sticker-19.webp,kawaii-easter-bunny-floral-asset-19-sticker,kawaii-easter-bunny-floral-asset-19-sticker.webp
10,20,ester-collection/crops/webp-1024-set-10/easter-collection-set-10-kawaii-sticker-20.webp,easter-collection-set-10-kawaii-sticker-20.webp,kawaii-easter-bunny-floral-asset-20-sticker,kawaii-easter-bunny-floral-asset-20-sticker.webp
10,21,ester-collection/crops/webp-1024-set-10/easter-collection-set-10-kawaii-sticker-21.webp,easter-collection-set-10-kawaii-sticker-21.webp,kawaii-easter-bunny-floral-asset-21-sticker,kawaii-easter-bunny-floral-asset-21-sticker.webp
10,22,ester-collection/crops/webp-1024-set-10/easter-collection-set-10-kawaii-sticker-22.webp,easter-collection-set-10-kawaii-sticker-22.webp,kawaii-easter-bunny-floral-asset-22-sticker,kawaii-easter-bunny-floral-asset-22-sticker.webp
10,23,ester-collection/crops/webp-1024-set-10/easter-collection-set-10-kawaii-sticker-23.webp,easter-collection-set-10-kawaii-sticker-23.webp,kawaii-easter-bunny-floral-asset-23-sticker,kawaii-easter-bunny-floral-asset-23-sticker.webp
10,24,ester-collection/crops/webp-1024-set-10/easter-collection-set-10-kawaii-sticker-24.webp,easter-collection-set-10-kawaii-sticker-24.webp,kawaii-easter-bunny-floral-asset-24-sticker,kawaii-easter-bunny-floral-asset-24-sticker.webp
10,25,ester-collection/crops/webp-1024-set-10/easter-collection-set-10-kawaii-sticker-25.webp,easter-collection-set-10-kawaii-sticker-25.webp,kawaii-easter-bunny-floral-asset-25-sticker,kawaii-easter-bunny-floral-asset-25-sticker.webp
10,26,ester-collection/crops/webp-1024-set-10/easter-collection-set-10-kawaii-sticker-26.webp,easter-collection-set-10-kawaii-sticker-26.webp,kawaii-easter-bunny-floral-asset-26-sticker,kawaii-easter-bunny-floral-asset-26-sticker.webp
10,27,ester-collection/crops/webp-1024-set-10/easter-collection-set-10-kawaii-sticker-27.webp,easter-collection-set-10-kawaii-sticker-27.webp,kawaii-easter-bunny-floral-asset-27-sticker,kawaii-easter-bunny-floral-asset-27-sticker.webp
10,28,ester-collection/crops/webp-1024-set-10/easter-collection-set-10-kawaii-sticker-28.webp,easter-collection-set-10-kawaii-sticker-28.webp,kawaii-easter-bunny-floral-asset-28-sticker,kawaii-easter-bunny-floral-asset-28-sticker.webp
10,29,ester-collection/crops/webp-1024-set-10/easter-collection-set-10-kawaii-sticker-29.webp,easter-collection-set-10-kawaii-sticker-29.webp,kawaii-easter-bunny-floral-asset-29-sticker,kawaii-easter-bunny-floral-asset-29-sticker.webp
11,01,ester-collection/crops/webp-1024-set-11/easter-collection-set-11-kawaii-sticker-01.webp,easter-collection-set-11-kawaii-sticker-01.webp,kawaii-easter-eggs-bunny-asset-01-sticker,kawaii-easter-eggs-bunny-asset-01-sticker.webp
11,02,ester-collection/crops/webp-1024-set-11/easter-collection-set-11-kawaii-sticker-02.webp,easter-collection-set-11-kawaii-sticker-02.webp,kawaii-easter-eggs-bunny-asset-02-sticker,kawaii-easter-eggs-bunny-asset-02-sticker.webp
11,03,ester-collection/crops/webp-1024-set-11/easter-collection-set-11-kawaii-sticker-03.webp,easter-collection-set-11-kawaii-sticker-03.webp,kawaii-easter-eggs-bunny-asset-03-sticker,kawaii-easter-eggs-bunny-asset-03-sticker.webp
11,04,ester-collection/crops/webp-1024-set-11/easter-collection-set-11-kawaii-sticker-04.webp,easter-collection-set-11-kawaii-sticker-04.webp,kawaii-easter-eggs-bunny-asset-04-sticker,kawaii-easter-eggs-bunny-asset-04-sticker.webp
11,05,ester-collection/crops/webp-1024-set-11/easter-collection-set-11-kawaii-sticker-05.webp,easter-collection-set-11-kawaii-sticker-05.webp,kawaii-easter-eggs-bunny-asset-05-sticker,kawaii-easter-eggs-bunny-asset-05-sticker.webp
11,06,ester-collection/crops/webp-1024-set-11/easter-collection-set-11-kawaii-sticker-06.webp,easter-collection-set-11-kawaii-sticker-06.webp,kawaii-easter-eggs-bunny-asset-06-sticker,kawaii-easter-eggs-bunny-asset-06-sticker.webp
11,07,ester-collection/crops/webp-1024-set-11/easter-collection-set-11-kawaii-sticker-07.webp,easter-collection-set-11-kawaii-sticker-07.webp,kawaii-easter-eggs-bunny-asset-07-sticker,kawaii-easter-eggs-bunny-asset-07-sticker.webp
11,08,ester-collection/crops/webp-1024-set-11/easter-collection-set-11-kawaii-sticker-08.webp,easter-collection-set-11-kawaii-sticker-08.webp,kawaii-easter-eggs-bunny-asset-08-sticker,kawaii-easter-eggs-bunny-asset-08-sticker.webp
11,09,ester-collection/crops/webp-1024-set-11/easter-collection-set-11-kawaii-sticker-09.webp,easter-collection-set-11-kawaii-sticker-09.webp,kawaii-easter-eggs-bunny-asset-09-sticker,kawaii-easter-eggs-bunny-asset-09-sticker.webp
11,10,ester-collection/crops/webp-1024-set-11/easter-collection-set-11-kawaii-sticker-10.webp,easter-collection-set-11-kawaii-sticker-10.webp,kawaii-easter-eggs-bunny-asset-10-sticker,kawaii-easter-eggs-bunny-asset-10-sticker.webp
11,11,ester-collection/crops/webp-1024-set-11/easter-collection-set-11-kawaii-sticker-11.webp,easter-collection-set-11-kawaii-sticker-11.webp,kawaii-easter-eggs-bunny-asset-11-sticker,kawaii-easter-eggs-bunny-asset-11-sticker.webp
11,12,ester-collection/crops/webp-1024-set-11/easter-collection-set-11-kawaii-sticker-12.webp,easter-collection-set-11-kawaii-sticker-12.webp,kawaii-easter-eggs-bunny-asset-12-sticker,kawaii-easter-eggs-bunny-asset-12-sticker.webp
11,13,ester-collection/crops/webp-1024-set-11/easter-collection-set-11-kawaii-sticker-13.webp,easter-collection-set-11-kawaii-sticker-13.webp,kawaii-easter-eggs-bunny-asset-13-sticker,kawaii-easter-eggs-bunny-asset-13-sticker.webp
11,14,ester-collection/crops/webp-1024-set-11/easter-collection-set-11-kawaii-sticker-14.webp,easter-collection-set-11-kawaii-sticker-14.webp,kawaii-easter-eggs-bunny-asset-14-sticker,kawaii-easter-eggs-bunny-asset-14-sticker.webp
11,15,ester-collection/crops/webp-1024-set-11/easter-collection-set-11-kawaii-sticker-15.webp,easter-collection-set-11-kawaii-sticker-15.webp,kawaii-easter-eggs-bunny-asset-15-sticker,kawaii-easter-eggs-bunny-asset-15-sticker.webp
11,16,ester-collection/crops/webp-1024-set-11/easter-collection-set-11-kawaii-sticker-16.webp,easter-collection-set-11-kawaii-sticker-16.webp,kawaii-easter-eggs-bunny-asset-16-sticker,kawaii-easter-eggs-bunny-asset-16-sticker.webp
11,17,ester-collection/crops/webp-1024-set-11/easter-collection-set-11-kawaii-sticker-17.webp,easter-collection-set-11-kawaii-sticker-17.webp,kawaii-easter-eggs-bunny-asset-17-sticker,kawaii-easter-eggs-bunny-asset-17-sticker.webp
11,18,ester-collection/crops/webp-1024-set-11/easter-collection-set-11-kawaii-sticker-18.webp,easter-collection-set-11-kawaii-sticker-18.webp,kawaii-easter-eggs-bunny-asset-18-sticker,kawaii-easter-eggs-bunny-asset-18-sticker.webp
11,19,ester-collection/crops/webp-1024-set-11/easter-collection-set-11-kawaii-sticker-19.webp,easter-collection-set-11-kawaii-sticker-19.webp,kawaii-easter-eggs-bunny-asset-19-sticker,kawaii-easter-eggs-bunny-asset-19-sticker.webp
11,20,ester-collection/crops/webp-1024-set-11/easter-collection-set-11-kawaii-sticker-20.webp,easter-collection-set-11-kawaii-sticker-20.webp,kawaii-easter-eggs-bunny-asset-20-sticker,kawaii-easter-eggs-bunny-asset-20-sticker.webp
11,21,ester-collection/crops/webp-1024-set-11/easter-collection-set-11-kawaii-sticker-21.webp,easter-collection-set-11-kawaii-sticker-21.webp,kawaii-easter-eggs-bunny-asset-21-sticker,kawaii-easter-eggs-bunny-asset-21-sticker.webp
11,22,ester-collection/crops/webp-1024-set-11/easter-collection-set-11-kawaii-sticker-22.webp,easter-collection-set-11-kawaii-sticker-22.webp,kawaii-easter-eggs-bunny-asset-22-sticker,kawaii-easter-eggs-bunny-asset-22-sticker.webp
11,23,ester-collection/crops/webp-1024-set-11/easter-collection-set-11-kawaii-sticker-23.webp,easter-collection-set-11-kawaii-sticker-23.webp,kawaii-easter-eggs-bunny-asset-23-sticker,kawaii-easter-eggs-bunny-asset-23-sticker.webp
11,24,ester-collection/crops/webp-1024-set-11/easter-collection-set-11-kawaii-sticker-24.webp,easter-collection-set-11-kawaii-sticker-24.webp,kawaii-easter-eggs-bunny-asset-24-sticker,kawaii-easter-eggs-bunny-asset-24-sticker.webp
11,25,ester-collection/crops/webp-1024-set-11/easter-collection-set-11-kawaii-sticker-25.webp,easter-collection-set-11-kawaii-sticker-25.webp,kawaii-easter-eggs-bunny-asset-25-sticker,kawaii-easter-eggs-bunny-asset-25-sticker.webp
11,26,ester-collection/crops/webp-1024-set-11/easter-collection-set-11-kawaii-sticker-26.webp,easter-collection-set-11-kawaii-sticker-26.webp,kawaii-easter-eggs-bunny-asset-26-sticker,kawaii-easter-eggs-bunny-asset-26-sticker.webp
11,27,ester-collection/crops/webp-1024-set-11/easter-collection-set-11-kawaii-sticker-27.webp,easter-collection-set-11-kawaii-sticker-27.webp,kawaii-easter-eggs-bunny-asset-27-sticker,kawaii-easter-eggs-bunny-asset-27-sticker.webp
11,28,ester-collection/crops/webp-1024-set-11/easter-collection-set-11-kawaii-sticker-28.webp,easter-collection-set-11-kawaii-sticker-28.webp,kawaii-easter-eggs-bunny-asset-28-sticker,kawaii-easter-eggs-bunny-asset-28-sticker.webp
11,29,ester-collection/crops/webp-1024-set-11/easter-collection-set-11-kawaii-sticker-29.webp,easter-collection-set-11-kawaii-sticker-29.webp,kawaii-easter-eggs-bunny-asset-29-sticker,kawaii-easter-eggs-bunny-asset-29-sticker.webp
12,01,ester-collection/crops/webp-1024-set-12/easter-collection-set-12-kawaii-sticker-01.webp,easter-collection-set-12-kawaii-sticker-01.webp,kawaii-easter-bunny-floral-asset-01-sticker,kawaii-easter-bunny-floral-asset-01-sticker.webp
12,02,ester-collection/crops/webp-1024-set-12/easter-collection-set-12-kawaii-sticker-02.webp,easter-collection-set-12-kawaii-sticker-02.webp,kawaii-easter-bunny-floral-asset-02-sticker,kawaii-easter-bunny-floral-asset-02-sticker.webp
12,03,ester-collection/crops/webp-1024-set-12/easter-collection-set-12-kawaii-sticker-03.webp,easter-collection-set-12-kawaii-sticker-03.webp,kawaii-easter-bunny-floral-asset-03-sticker,kawaii-easter-bunny-floral-asset-03-sticker.webp
12,04,ester-collection/crops/webp-1024-set-12/easter-collection-set-12-kawaii-sticker-04.webp,easter-collection-set-12-kawaii-sticker-04.webp,kawaii-easter-bunny-floral-asset-04-sticker,kawaii-easter-bunny-floral-asset-04-sticker.webp
12,05,ester-collection/crops/webp-1024-set-12/easter-collection-set-12-kawaii-sticker-05.webp,easter-collection-set-12-kawaii-sticker-05.webp,kawaii-easter-bunny-floral-asset-05-sticker,kawaii-easter-bunny-floral-asset-05-sticker.webp
12,06,ester-collection/crops/webp-1024-set-12/easter-collection-set-12-kawaii-sticker-06.webp,easter-collection-set-12-kawaii-sticker-06.webp,kawaii-easter-bunny-floral-asset-06-sticker,kawaii-easter-bunny-floral-asset-06-sticker.webp
12,07,ester-collection/crops/webp-1024-set-12/easter-collection-set-12-kawaii-sticker-07.webp,easter-collection-set-12-kawaii-sticker-07.webp,kawaii-easter-bunny-floral-asset-07-sticker,kawaii-easter-bunny-floral-asset-07-sticker.webp
12,08,ester-collection/crops/webp-1024-set-12/easter-collection-set-12-kawaii-sticker-08.webp,easter-collection-set-12-kawaii-sticker-08.webp,kawaii-easter-bunny-floral-asset-08-sticker,kawaii-easter-bunny-floral-asset-08-sticker.webp
12,09,ester-collection/crops/webp-1024-set-12/easter-collection-set-12-kawaii-sticker-09.webp,easter-collection-set-12-kawaii-sticker-09.webp,kawaii-easter-bunny-floral-asset-09-sticker,kawaii-easter-bunny-floral-asset-09-sticker.webp
12,10,ester-collection/crops/webp-1024-set-12/easter-collection-set-12-kawaii-sticker-10.webp,easter-collection-set-12-kawaii-sticker-10.webp,kawaii-easter-bunny-floral-asset-10-sticker,kawaii-easter-bunny-floral-asset-10-sticker.webp
12,11,ester-collection/crops/webp-1024-set-12/easter-collection-set-12-kawaii-sticker-11.webp,easter-collection-set-12-kawaii-sticker-11.webp,kawaii-easter-bunny-floral-asset-11-sticker,kawaii-easter-bunny-floral-asset-11-sticker.webp
12,12,ester-collection/crops/webp-1024-set-12/easter-collection-set-12-kawaii-sticker-12.webp,easter-collection-set-12-kawaii-sticker-12.webp,kawaii-easter-bunny-floral-asset-12-sticker,kawaii-easter-bunny-floral-asset-12-sticker.webp
12,13,ester-collection/crops/webp-1024-set-12/easter-collection-set-12-kawaii-sticker-13.webp,easter-collection-set-12-kawaii-sticker-13.webp,kawaii-easter-bunny-floral-asset-13-sticker,kawaii-easter-bunny-floral-asset-13-sticker.webp
12,14,ester-collection/crops/webp-1024-set-12/easter-collection-set-12-kawaii-sticker-14.webp,easter-collection-set-12-kawaii-sticker-14.webp,kawaii-easter-bunny-floral-asset-14-sticker,kawaii-easter-bunny-floral-asset-14-sticker.webp
12,15,ester-collection/crops/webp-1024-set-12/easter-collection-set-12-kawaii-sticker-15.webp,easter-collection-set-12-kawaii-sticker-15.webp,kawaii-easter-bunny-floral-asset-15-sticker,kawaii-easter-bunny-floral-asset-15-sticker.webp
12,16,ester-collection/crops/webp-1024-set-12/easter-collection-set-12-kawaii-sticker-16.webp,easter-collection-set-12-kawaii-sticker-16.webp,kawaii-easter-bunny-floral-asset-16-sticker,kawaii-easter-bunny-floral-asset-16-sticker.webp
12,17,ester-collection/crops/webp-1024-set-12/easter-collection-set-12-kawaii-sticker-17.webp,easter-collection-set-12-kawaii-sticker-17.webp,kawaii-easter-bunny-floral-asset-17-sticker,kawaii-easter-bunny-floral-asset-17-sticker.webp
12,18,ester-collection/crops/webp-1024-set-12/easter-collection-set-12-kawaii-sticker-18.webp,easter-collection-set-12-kawaii-sticker-18.webp,kawaii-easter-bunny-floral-asset-18-sticker,kawaii-easter-bunny-floral-asset-18-sticker.webp
12,19,ester-collection/crops/webp-1024-set-12/easter-collection-set-12-kawaii-sticker-19.webp,easter-collection-set-12-kawaii-sticker-19.webp,kawaii-easter-bunny-floral-asset-19-sticker,kawaii-easter-bunny-floral-asset-19-sticker.webp
12,20,ester-collection/crops/webp-1024-set-12/easter-collection-set-12-kawaii-sticker-20.webp,easter-collection-set-12-kawaii-sticker-20.webp,kawaii-easter-bunny-floral-asset-20-sticker,kawaii-easter-bunny-floral-asset-20-sticker.webp
12,21,ester-collection/crops/webp-1024-set-12/easter-collection-set-12-kawaii-sticker-21.webp,easter-collection-set-12-kawaii-sticker-21.webp,kawaii-easter-bunny-floral-asset-21-sticker,kawaii-easter-bunny-floral-asset-21-sticker.webp
12,22,ester-collection/crops/webp-1024-set-12/easter-collection-set-12-kawaii-sticker-22.webp,easter-collection-set-12-kawaii-sticker-22.webp,kawaii-easter-bunny-floral-asset-22-sticker,kawaii-easter-bunny-floral-asset-22-sticker.webp
12,23,ester-collection/crops/webp-1024-set-12/easter-collection-set-12-kawaii-sticker-23.webp,easter-collection-set-12-kawaii-sticker-23.webp,kawaii-easter-bunny-floral-asset-23-sticker,kawaii-easter-bunny-floral-asset-23-sticker.webp
12,24,ester-collection/crops/webp-1024-set-12/easter-collection-set-12-kawaii-sticker-24.webp,easter-collection-set-12-kawaii-sticker-24.webp,kawaii-easter-bunny-floral-asset-24-sticker,kawaii-easter-bunny-floral-asset-24-sticker.webp
12,25,ester-collection/crops/webp-1024-set-12/easter-collection-set-12-kawaii-sticker-25.webp,easter-collection-set-12-kawaii-sticker-25.webp,kawaii-easter-bunny-floral-asset-25-sticker,kawaii-easter-bunny-floral-asset-25-sticker.webp
12,26,ester-collection/crops/webp-1024-set-12/easter-collection-set-12-kawaii-sticker-26.webp,easter-collection-set-12-kawaii-sticker-26.webp,kawaii-easter-bunny-floral-asset-26-sticker,kawaii-easter-bunny-floral-asset-26-sticker.webp
12,27,ester-collection/crops/webp-1024-set-12/easter-collection-set-12-kawaii-sticker-27.webp,easter-collection-set-12-kawaii-sticker-27.webp,kawaii-easter-bunny-floral-asset-27-sticker,kawaii-easter-bunny-floral-asset-27-sticker.webp
12,28,ester-collection/crops/webp-1024-set-12/easter-collection-set-12-kawaii-sticker-28.webp,easter-collection-set-12-kawaii-sticker-28.webp,kawaii-easter-bunny-floral-asset-28-sticker,kawaii-easter-bunny-floral-asset-28-sticker.webp
12,29,ester-collection/crops/webp-1024-set-12/easter-collection-set-12-kawaii-sticker-29.webp,easter-collection-set-12-kawaii-sticker-29.webp,kawaii-easter-bunny-floral-asset-29-sticker,kawaii-easter-bunny-floral-asset-29-sticker.webp
13,01,ester-collection/crops/webp-1024-set-13/easter-collection-set-13-kawaii-sticker-01.webp,easter-collection-set-13-kawaii-sticker-01.webp,kawaii-news-media-asset-01-sticker,kawaii-news-media-asset-01-sticker.webp
13,02,ester-collection/crops/webp-1024-set-13/easter-collection-set-13-kawaii-sticker-02.webp,easter-collection-set-13-kawaii-sticker-02.webp,kawaii-news-media-asset-02-sticker,kawaii-news-media-asset-02-sticker.webp
13,03,ester-collection/crops/webp-1024-set-13/easter-collection-set-13-kawaii-sticker-03.webp,easter-collection-set-13-kawaii-sticker-03.webp,kawaii-news-media-asset-03-sticker,kawaii-news-media-asset-03-sticker.webp
13,04,ester-collection/crops/webp-1024-set-13/easter-collection-set-13-kawaii-sticker-04.webp,easter-collection-set-13-kawaii-sticker-04.webp,kawaii-news-media-asset-04-sticker,kawaii-news-media-asset-04-sticker.webp
13,05,ester-collection/crops/webp-1024-set-13/easter-collection-set-13-kawaii-sticker-05.webp,easter-collection-set-13-kawaii-sticker-05.webp,kawaii-news-media-asset-05-sticker,kawaii-news-media-asset-05-sticker.webp
13,06,ester-collection/crops/webp-1024-set-13/easter-collection-set-13-kawaii-sticker-06.webp,easter-collection-set-13-kawaii-sticker-06.webp,kawaii-news-media-asset-06-sticker,kawaii-news-media-asset-06-sticker.webp
13,07,ester-collection/crops/webp-1024-set-13/easter-collection-set-13-kawaii-sticker-07.webp,easter-collection-set-13-kawaii-sticker-07.webp,kawaii-news-media-asset-07-sticker,kawaii-news-media-asset-07-sticker.webp
13,08,ester-collection/crops/webp-1024-set-13/easter-collection-set-13-kawaii-sticker-08.webp,easter-collection-set-13-kawaii-sticker-08.webp,kawaii-news-media-asset-08-sticker,kawaii-news-media-asset-08-sticker.webp
13,09,ester-collection/crops/webp-1024-set-13/easter-collection-set-13-kawaii-sticker-09.webp,easter-collection-set-13-kawaii-sticker-09.webp,kawaii-news-media-asset-09-sticker,kawaii-news-media-asset-09-sticker.webp
13,10,ester-collection/crops/webp-1024-set-13/easter-collection-set-13-kawaii-sticker-10.webp,easter-collection-set-13-kawaii-sticker-10.webp,kawaii-news-media-asset-10-sticker,kawaii-news-media-asset-10-sticker.webp
13,11,ester-collection/crops/webp-1024-set-13/easter-collection-set-13-kawaii-sticker-11.webp,easter-collection-set-13-kawaii-sticker-11.webp,kawaii-news-media-asset-11-sticker,kawaii-news-media-asset-11-sticker.webp
13,12,ester-collection/crops/webp-1024-set-13/easter-collection-set-13-kawaii-sticker-12.webp,easter-collection-set-13-kawaii-sticker-12.webp,kawaii-news-media-asset-12-sticker,kawaii-news-media-asset-12-sticker.webp
13,13,ester-collection/crops/webp-1024-set-13/easter-collection-set-13-kawaii-sticker-13.webp,easter-collection-set-13-kawaii-sticker-13.webp,kawaii-news-media-asset-13-sticker,kawaii-news-media-asset-13-sticker.webp
13,14,ester-collection/crops/webp-1024-set-13/easter-collection-set-13-kawaii-sticker-14.webp,easter-collection-set-13-kawaii-sticker-14.webp,kawaii-news-media-asset-14-sticker,kawaii-news-media-asset-14-sticker.webp
13,15,ester-collection/crops/webp-1024-set-13/easter-collection-set-13-kawaii-sticker-15.webp,easter-collection-set-13-kawaii-sticker-15.webp,kawaii-news-media-asset-15-sticker,kawaii-news-media-asset-15-sticker.webp
13,16,ester-collection/crops/webp-1024-set-13/easter-collection-set-13-kawaii-sticker-16.webp,easter-collection-set-13-kawaii-sticker-16.webp,kawaii-news-media-asset-16-sticker,kawaii-news-media-asset-16-sticker.webp
13,17,ester-collection/crops/webp-1024-set-13/easter-collection-set-13-kawaii-sticker-17.webp,easter-collection-set-13-kawaii-sticker-17.webp,kawaii-news-media-asset-17-sticker,kawaii-news-media-asset-17-sticker.webp
13,18,ester-collection/crops/webp-1024-set-13/easter-collection-set-13-kawaii-sticker-18.webp,easter-collection-set-13-kawaii-sticker-18.webp,kawaii-news-media-asset-18-sticker,kawaii-news-media-asset-18-sticker.webp
13,19,ester-collection/crops/webp-1024-set-13/easter-collection-set-13-kawaii-sticker-19.webp,easter-collection-set-13-kawaii-sticker-19.webp,kawaii-news-media-asset-19-sticker,kawaii-news-media-asset-19-sticker.webp
13,20,ester-collection/crops/webp-1024-set-13/easter-collection-set-13-kawaii-sticker-20.webp,easter-collection-set-13-kawaii-sticker-20.webp,kawaii-news-media-asset-20-sticker,kawaii-news-media-asset-20-sticker.webp
13,21,ester-collection/crops/webp-1024-set-13/easter-collection-set-13-kawaii-sticker-21.webp,easter-collection-set-13-kawaii-sticker-21.webp,kawaii-news-media-asset-21-sticker,kawaii-news-media-asset-21-sticker.webp
13,22,ester-collection/crops/webp-1024-set-13/easter-collection-set-13-kawaii-sticker-22.webp,easter-collection-set-13-kawaii-sticker-22.webp,kawaii-news-media-asset-22-sticker,kawaii-news-media-asset-22-sticker.webp
13,23,ester-collection/crops/webp-1024-set-13/easter-collection-set-13-kawaii-sticker-23.webp,easter-collection-set-13-kawaii-sticker-23.webp,kawaii-news-media-asset-23-sticker,kawaii-news-media-asset-23-sticker.webp
13,24,ester-collection/crops/webp-1024-set-13/easter-collection-set-13-kawaii-sticker-24.webp,easter-collection-set-13-kawaii-sticker-24.webp,kawaii-news-media-asset-24-sticker,kawaii-news-media-asset-24-sticker.webp
13,25,ester-collection/crops/webp-1024-set-13/easter-collection-set-13-kawaii-sticker-25.webp,easter-collection-set-13-kawaii-sticker-25.webp,kawaii-news-media-asset-25-sticker,kawaii-news-media-asset-25-sticker.webp
13,26,ester-collection/crops/webp-1024-set-13/easter-collection-set-13-kawaii-sticker-26.webp,easter-collection-set-13-kawaii-sticker-26.webp,kawaii-news-media-asset-26-sticker,kawaii-news-media-asset-26-sticker.webp
13,27,ester-collection/crops/webp-1024-set-13/easter-collection-set-13-kawaii-sticker-27.webp,easter-collection-set-13-kawaii-sticker-27.webp,kawaii-news-media-asset-27-sticker,kawaii-news-media-asset-27-sticker.webp
13,28,ester-collection/crops/webp-1024-set-13/easter-collection-set-13-kawaii-sticker-28.webp,easter-collection-set-13-kawaii-sticker-28.webp,kawaii-news-media-asset-28-sticker,kawaii-news-media-asset-28-sticker.webp
13,29,ester-collection/crops/webp-1024-set-13/easter-collection-set-13-kawaii-sticker-29.webp,easter-collection-set-13-kawaii-sticker-29.webp,kawaii-news-media-asset-29-sticker,kawaii-news-media-asset-29-sticker.webp
13,30,ester-collection/crops/webp-1024-set-13/easter-collection-set-13-kawaii-sticker-30.webp,easter-collection-set-13-kawaii-sticker-30.webp,kawaii-news-media-asset-30-sticker,kawaii-news-media-asset-30-sticker.webp
13,31,ester-collection/crops/webp-1024-set-13/easter-collection-set-13-kawaii-sticker-31.webp,easter-collection-set-13-kawaii-sticker-31.webp,kawaii-news-media-asset-31-sticker,kawaii-news-media-asset-31-sticker.webp
14,01,ester-collection/crops/webp-1024-set-14/easter-collection-set-14-kawaii-sticker-01.webp,easter-collection-set-14-kawaii-sticker-01.webp,kawaii-easter-school-supplies-asset-01-sticker,kawaii-easter-school-supplies-asset-01-sticker.webp
14,02,ester-collection/crops/webp-1024-set-14/easter-collection-set-14-kawaii-sticker-02.webp,easter-collection-set-14-kawaii-sticker-02.webp,kawaii-easter-school-supplies-asset-02-sticker,kawaii-easter-school-supplies-asset-02-sticker.webp
14,03,ester-collection/crops/webp-1024-set-14/easter-collection-set-14-kawaii-sticker-03.webp,easter-collection-set-14-kawaii-sticker-03.webp,kawaii-easter-school-supplies-asset-03-sticker,kawaii-easter-school-supplies-asset-03-sticker.webp
14,04,ester-collection/crops/webp-1024-set-14/easter-collection-set-14-kawaii-sticker-04.webp,easter-collection-set-14-kawaii-sticker-04.webp,kawaii-easter-school-supplies-asset-04-sticker,kawaii-easter-school-supplies-asset-04-sticker.webp
14,05,ester-collection/crops/webp-1024-set-14/easter-collection-set-14-kawaii-sticker-05.webp,easter-collection-set-14-kawaii-sticker-05.webp,kawaii-easter-school-supplies-asset-05-sticker,kawaii-easter-school-supplies-asset-05-sticker.webp
14,06,ester-collection/crops/webp-1024-set-14/easter-collection-set-14-kawaii-sticker-06.webp,easter-collection-set-14-kawaii-sticker-06.webp,kawaii-easter-school-supplies-asset-06-sticker,kawaii-easter-school-supplies-asset-06-sticker.webp
14,07,ester-collection/crops/webp-1024-set-14/easter-collection-set-14-kawaii-sticker-07.webp,easter-collection-set-14-kawaii-sticker-07.webp,kawaii-easter-school-supplies-asset-07-sticker,kawaii-easter-school-supplies-asset-07-sticker.webp
14,08,ester-collection/crops/webp-1024-set-14/easter-collection-set-14-kawaii-sticker-08.webp,easter-collection-set-14-kawaii-sticker-08.webp,kawaii-easter-school-supplies-asset-08-sticker,kawaii-easter-school-supplies-asset-08-sticker.webp
14,09,ester-collection/crops/webp-1024-set-14/easter-collection-set-14-kawaii-sticker-09.webp,easter-collection-set-14-kawaii-sticker-09.webp,kawaii-easter-school-supplies-asset-09-sticker,kawaii-easter-school-supplies-asset-09-sticker.webp
14,10,ester-collection/crops/webp-1024-set-14/easter-collection-set-14-kawaii-sticker-10.webp,easter-collection-set-14-kawaii-sticker-10.webp,kawaii-easter-school-supplies-asset-10-sticker,kawaii-easter-school-supplies-asset-10-sticker.webp
14,11,ester-collection/crops/webp-1024-set-14/easter-collection-set-14-kawaii-sticker-11.webp,easter-collection-set-14-kawaii-sticker-11.webp,kawaii-easter-school-supplies-asset-11-sticker,kawaii-easter-school-supplies-asset-11-sticker.webp
14,12,ester-collection/crops/webp-1024-set-14/easter-collection-set-14-kawaii-sticker-12.webp,easter-collection-set-14-kawaii-sticker-12.webp,kawaii-easter-school-supplies-asset-12-sticker,kawaii-easter-school-supplies-asset-12-sticker.webp
14,13,ester-collection/crops/webp-1024-set-14/easter-collection-set-14-kawaii-sticker-13.webp,easter-collection-set-14-kawaii-sticker-13.webp,kawaii-easter-school-supplies-asset-13-sticker,kawaii-easter-school-supplies-asset-13-sticker.webp
14,14,ester-collection/crops/webp-1024-set-14/easter-collection-set-14-kawaii-sticker-14.webp,easter-collection-set-14-kawaii-sticker-14.webp,kawaii-easter-school-supplies-asset-14-sticker,kawaii-easter-school-supplies-asset-14-sticker.webp
14,15,ester-collection/crops/webp-1024-set-14/easter-collection-set-14-kawaii-sticker-15.webp,easter-collection-set-14-kawaii-sticker-15.webp,kawaii-easter-school-supplies-asset-15-sticker,kawaii-easter-school-supplies-asset-15-sticker.webp
14,16,ester-collection/crops/webp-1024-set-14/easter-collection-set-14-kawaii-sticker-16.webp,easter-collection-set-14-kawaii-sticker-16.webp,kawaii-easter-school-supplies-asset-16-sticker,kawaii-easter-school-supplies-asset-16-sticker.webp
14,17,ester-collection/crops/webp-1024-set-14/easter-collection-set-14-kawaii-sticker-17.webp,easter-collection-set-14-kawaii-sticker-17.webp,kawaii-easter-school-supplies-asset-17-sticker,kawaii-easter-school-supplies-asset-17-sticker.webp
14,18,ester-collection/crops/webp-1024-set-14/easter-collection-set-14-kawaii-sticker-18.webp,easter-collection-set-14-kawaii-sticker-18.webp,kawaii-easter-school-supplies-asset-18-sticker,kawaii-easter-school-supplies-asset-18-sticker.webp
14,19,ester-collection/crops/webp-1024-set-14/easter-collection-set-14-kawaii-sticker-19.webp,easter-collection-set-14-kawaii-sticker-19.webp,kawaii-easter-school-supplies-asset-19-sticker,kawaii-easter-school-supplies-asset-19-sticker.webp
14,20,ester-collection/crops/webp-1024-set-14/easter-collection-set-14-kawaii-sticker-20.webp,easter-collection-set-14-kawaii-sticker-20.webp,kawaii-easter-school-supplies-asset-20-sticker,kawaii-easter-school-supplies-asset-20-sticker.webp
14,21,ester-collection/crops/webp-1024-set-14/easter-collection-set-14-kawaii-sticker-21.webp,easter-collection-set-14-kawaii-sticker-21.webp,kawaii-easter-school-supplies-asset-21-sticker,kawaii-easter-school-supplies-asset-21-sticker.webp
14,22,ester-collection/crops/webp-1024-set-14/easter-collection-set-14-kawaii-sticker-22.webp,easter-collection-set-14-kawaii-sticker-22.webp,kawaii-easter-school-supplies-asset-22-sticker,kawaii-easter-school-supplies-asset-22-sticker.webp
14,23,ester-collection/crops/webp-1024-set-14/easter-collection-set-14-kawaii-sticker-23.webp,easter-collection-set-14-kawaii-sticker-23.webp,kawaii-easter-school-supplies-asset-23-sticker,kawaii-easter-school-supplies-asset-23-sticker.webp
14,24,ester-collection/crops/webp-1024-set-14/easter-collection-set-14-kawaii-sticker-24.webp,easter-collection-set-14-kawaii-sticker-24.webp,kawaii-easter-school-supplies-asset-24-sticker,kawaii-easter-school-supplies-asset-24-sticker.webp
14,25,ester-collection/crops/webp-1024-set-14/easter-collection-set-14-kawaii-sticker-25.webp,easter-collection-set-14-kawaii-sticker-25.webp,kawaii-easter-school-supplies-asset-25-sticker,kawaii-easter-school-supplies-asset-25-sticker.webp
14,26,ester-collection/crops/webp-1024-set-14/easter-collection-set-14-kawaii-sticker-26.webp,easter-collection-set-14-kawaii-sticker-26.webp,kawaii-easter-school-supplies-asset-26-sticker,kawaii-easter-school-supplies-asset-26-sticker.webp
14,27,ester-collection/crops/webp-1024-set-14/easter-collection-set-14-kawaii-sticker-27.webp,easter-collection-set-14-kawaii-sticker-27.webp,kawaii-easter-school-supplies-asset-27-sticker,kawaii-easter-school-supplies-asset-27-sticker.webp
14,28,ester-collection/crops/webp-1024-set-14/easter-collection-set-14-kawaii-sticker-28.webp,easter-collection-set-14-kawaii-sticker-28.webp,kawaii-easter-school-supplies-asset-28-sticker,kawaii-easter-school-supplies-asset-28-sticker.webp
15,01,ester-collection/crops/webp-1024-set-15/easter-collection-set-15-kawaii-sticker-01.webp,easter-collection-set-15-kawaii-sticker-01.webp,kawaii-pastel-school-supplies-asset-01-sticker,kawaii-pastel-school-supplies-asset-01-sticker.webp
15,02,ester-collection/crops/webp-1024-set-15/easter-collection-set-15-kawaii-sticker-02.webp,easter-collection-set-15-kawaii-sticker-02.webp,kawaii-pastel-school-supplies-asset-02-sticker,kawaii-pastel-school-supplies-asset-02-sticker.webp
15,03,ester-collection/crops/webp-1024-set-15/easter-collection-set-15-kawaii-sticker-03.webp,easter-collection-set-15-kawaii-sticker-03.webp,kawaii-pastel-school-supplies-asset-03-sticker,kawaii-pastel-school-supplies-asset-03-sticker.webp
15,04,ester-collection/crops/webp-1024-set-15/easter-collection-set-15-kawaii-sticker-04.webp,easter-collection-set-15-kawaii-sticker-04.webp,kawaii-pastel-school-supplies-asset-04-sticker,kawaii-pastel-school-supplies-asset-04-sticker.webp
15,05,ester-collection/crops/webp-1024-set-15/easter-collection-set-15-kawaii-sticker-05.webp,easter-collection-set-15-kawaii-sticker-05.webp,kawaii-pastel-school-supplies-asset-05-sticker,kawaii-pastel-school-supplies-asset-05-sticker.webp
15,06,ester-collection/crops/webp-1024-set-15/easter-collection-set-15-kawaii-sticker-06.webp,easter-collection-set-15-kawaii-sticker-06.webp,kawaii-pastel-school-supplies-asset-06-sticker,kawaii-pastel-school-supplies-asset-06-sticker.webp
15,07,ester-collection/crops/webp-1024-set-15/easter-collection-set-15-kawaii-sticker-07.webp,easter-collection-set-15-kawaii-sticker-07.webp,kawaii-pastel-school-supplies-asset-07-sticker,kawaii-pastel-school-supplies-asset-07-sticker.webp
15,08,ester-collection/crops/webp-1024-set-15/easter-collection-set-15-kawaii-sticker-08.webp,easter-collection-set-15-kawaii-sticker-08.webp,kawaii-pastel-school-supplies-asset-08-sticker,kawaii-pastel-school-supplies-asset-08-sticker.webp
15,09,ester-collection/crops/webp-1024-set-15/easter-collection-set-15-kawaii-sticker-09.webp,easter-collection-set-15-kawaii-sticker-09.webp,kawaii-pastel-school-supplies-asset-09-sticker,kawaii-pastel-school-supplies-asset-09-sticker.webp
15,10,ester-collection/crops/webp-1024-set-15/easter-collection-set-15-kawaii-sticker-10.webp,easter-collection-set-15-kawaii-sticker-10.webp,kawaii-pastel-school-supplies-asset-10-sticker,kawaii-pastel-school-supplies-asset-10-sticker.webp
15,11,ester-collection/crops/webp-1024-set-15/easter-collection-set-15-kawaii-sticker-11.webp,easter-collection-set-15-kawaii-sticker-11.webp,kawaii-pastel-school-supplies-asset-11-sticker,kawaii-pastel-school-supplies-asset-11-sticker.webp
15,12,ester-collection/crops/webp-1024-set-15/easter-collection-set-15-kawaii-sticker-12.webp,easter-collection-set-15-kawaii-sticker-12.webp,kawaii-pastel-school-supplies-asset-12-sticker,kawaii-pastel-school-supplies-asset-12-sticker.webp
15,13,ester-collection/crops/webp-1024-set-15/easter-collection-set-15-kawaii-sticker-13.webp,easter-collection-set-15-kawaii-sticker-13.webp,kawaii-pastel-school-supplies-asset-13-sticker,kawaii-pastel-school-supplies-asset-13-sticker.webp
15,14,ester-collection/crops/webp-1024-set-15/easter-collection-set-15-kawaii-sticker-14.webp,easter-collection-set-15-kawaii-sticker-14.webp,kawaii-pastel-school-supplies-asset-14-sticker,kawaii-pastel-school-supplies-asset-14-sticker.webp
15,15,ester-collection/crops/webp-1024-set-15/easter-collection-set-15-kawaii-sticker-15.webp,easter-collection-set-15-kawaii-sticker-15.webp,kawaii-pastel-school-supplies-asset-15-sticker,kawaii-pastel-school-supplies-asset-15-sticker.webp
15,16,ester-collection/crops/webp-1024-set-15/easter-collection-set-15-kawaii-sticker-16.webp,easter-collection-set-15-kawaii-sticker-16.webp,kawaii-pastel-school-supplies-asset-16-sticker,kawaii-pastel-school-supplies-asset-16-sticker.webp
15,17,ester-collection/crops/webp-1024-set-15/easter-collection-set-15-kawaii-sticker-17.webp,easter-collection-set-15-kawaii-sticker-17.webp,kawaii-pastel-school-supplies-asset-17-sticker,kawaii-pastel-school-supplies-asset-17-sticker.webp
15,18,ester-collection/crops/webp-1024-set-15/easter-collection-set-15-kawaii-sticker-18.webp,easter-collection-set-15-kawaii-sticker-18.webp,kawaii-pastel-school-supplies-asset-18-sticker,kawaii-pastel-school-supplies-asset-18-sticker.webp
15,19,ester-collection/crops/webp-1024-set-15/easter-collection-set-15-kawaii-sticker-19.webp,easter-collection-set-15-kawaii-sticker-19.webp,kawaii-pastel-school-supplies-asset-19-sticker,kawaii-pastel-school-supplies-asset-19-sticker.webp
15,20,ester-collection/crops/webp-1024-set-15/easter-collection-set-15-kawaii-sticker-20.webp,easter-collection-set-15-kawaii-sticker-20.webp,kawaii-pastel-school-supplies-asset-20-sticker,kawaii-pastel-school-supplies-asset-20-sticker.webp
15,21,ester-collection/crops/webp-1024-set-15/easter-collection-set-15-kawaii-sticker-21.webp,easter-collection-set-15-kawaii-sticker-21.webp,kawaii-pastel-school-supplies-asset-21-sticker,kawaii-pastel-school-supplies-asset-21-sticker.webp
15,22,ester-collection/crops/webp-1024-set-15/easter-collection-set-15-kawaii-sticker-22.webp,easter-collection-set-15-kawaii-sticker-22.webp,kawaii-pastel-school-supplies-asset-22-sticker,kawaii-pastel-school-supplies-asset-22-sticker.webp
15,23,ester-collection/crops/webp-1024-set-15/easter-collection-set-15-kawaii-sticker-23.webp,easter-collection-set-15-kawaii-sticker-23.webp,kawaii-pastel-school-supplies-asset-23-sticker,kawaii-pastel-school-supplies-asset-23-sticker.webp
15,24,ester-collection/crops/webp-1024-set-15/easter-collection-set-15-kawaii-sticker-24.webp,easter-collection-set-15-kawaii-sticker-24.webp,kawaii-pastel-school-supplies-asset-24-sticker,kawaii-pastel-school-supplies-asset-24-sticker.webp
15,25,ester-collection/crops/webp-1024-set-15/easter-collection-set-15-kawaii-sticker-25.webp,easter-collection-set-15-kawaii-sticker-25.webp,kawaii-pastel-school-supplies-asset-25-sticker,kawaii-pastel-school-supplies-asset-25-sticker.webp
15,26,ester-collection/crops/webp-1024-set-15/easter-collection-set-15-kawaii-sticker-26.webp,easter-collection-set-15-kawaii-sticker-26.webp,kawaii-pastel-school-supplies-asset-26-sticker,kawaii-pastel-school-supplies-asset-26-sticker.webp
15,27,ester-collection/crops/webp-1024-set-15/easter-collection-set-15-kawaii-sticker-27.webp,easter-collection-set-15-kawaii-sticker-27.webp,kawaii-pastel-school-supplies-asset-27-sticker,kawaii-pastel-school-supplies-asset-27-sticker.webp
15,28,ester-collection/crops/webp-1024-set-15/easter-collection-set-15-kawaii-sticker-28.webp,easter-collection-set-15-kawaii-sticker-28.webp,kawaii-pastel-school-supplies-asset-28-sticker,kawaii-pastel-school-supplies-asset-28-sticker.webp
15,29,ester-collection/crops/webp-1024-set-15/easter-collection-set-15-kawaii-sticker-29.webp,easter-collection-set-15-kawaii-sticker-29.webp,kawaii-pastel-school-supplies-asset-29-sticker,kawaii-pastel-school-supplies-asset-29-sticker.webp
16,01,ester-collection/crops/webp-1024-set-16/easter-collection-set-16-kawaii-sticker-01.webp,easter-collection-set-16-kawaii-sticker-01.webp,kawaii-transportation-blue-car-sticker,kawaii-transportation-blue-car-sticker.webp
16,02,ester-collection/crops/webp-1024-set-16/easter-collection-set-16-kawaii-sticker-02.webp,easter-collection-set-16-kawaii-sticker-02.webp,kawaii-transportation-white-airplane-sticker,kawaii-transportation-white-airplane-sticker.webp
16,03,ester-collection/crops/webp-1024-set-16/easter-collection-set-16-kawaii-sticker-03.webp,easter-collection-set-16-kawaii-sticker-03.webp,kawaii-transportation-yellow-airplane-sticker,kawaii-transportation-yellow-airplane-sticker.webp
16,04,ester-collection/crops/webp-1024-set-16/easter-collection-set-16-kawaii-sticker-04.webp,easter-collection-set-16-kawaii-sticker-04.webp,kawaii-transportation-cruise-ship-sticker,kawaii-transportation-cruise-ship-sticker.webp
16,05,ester-collection/crops/webp-1024-set-16/easter-collection-set-16-kawaii-sticker-05.webp,easter-collection-set-16-kawaii-sticker-05.webp,kawaii-transportation-boat-sticker,kawaii-transportation-boat-sticker.webp
16,06,ester-collection/crops/webp-1024-set-16/easter-collection-set-16-kawaii-sticker-06.webp,easter-collection-set-16-kawaii-sticker-06.webp,kawaii-transportation-airplane-sticker,kawaii-transportation-airplane-sticker.webp
16,07,ester-collection/crops/webp-1024-set-16/easter-collection-set-16-kawaii-sticker-07.webp,easter-collection-set-16-kawaii-sticker-07.webp,kawaii-transportation-airplane-blue-sticker,kawaii-transportation-airplane-blue-sticker.webp
16,08,ester-collection/crops/webp-1024-set-16/easter-collection-set-16-kawaii-sticker-08.webp,easter-collection-set-16-kawaii-sticker-08.webp,kawaii-transportation-airplane-white-sticker,kawaii-transportation-airplane-white-sticker.webp
16,09,ester-collection/crops/webp-1024-set-16/easter-collection-set-16-kawaii-sticker-09.webp,easter-collection-set-16-kawaii-sticker-09.webp,kawaii-transportation-car-sticker,kawaii-transportation-car-sticker.webp
16,10,ester-collection/crops/webp-1024-set-16/easter-collection-set-16-kawaii-sticker-10.webp,easter-collection-set-16-kawaii-sticker-10.webp,kawaii-transportation-horse-sticker,kawaii-transportation-horse-sticker.webp
16,11,ester-collection/crops/webp-1024-set-16/easter-collection-set-16-kawaii-sticker-11.webp,easter-collection-set-16-kawaii-sticker-11.webp,kawaii-transportation-horse-small-sticker,kawaii-transportation-horse-small-sticker.webp
16,12,ester-collection/crops/webp-1024-set-16/easter-collection-set-16-kawaii-sticker-12.webp,easter-collection-set-16-kawaii-sticker-12.webp,kawaii-transportation-purple-plane-sticker,kawaii-transportation-purple-plane-sticker.webp
16,13,ester-collection/crops/webp-1024-set-16/easter-collection-set-16-kawaii-sticker-13.webp,easter-collection-set-16-kawaii-sticker-13.webp,kawaii-transportation-scooter-sticker,kawaii-transportation-scooter-sticker.webp
16,14,ester-collection/crops/webp-1024-set-16/easter-collection-set-16-kawaii-sticker-14.webp,easter-collection-set-16-kawaii-sticker-14.webp,kawaii-transportation-blue-car-small-sticker,kawaii-transportation-blue-car-small-sticker.webp
16,15,ester-collection/crops/webp-1024-set-16/easter-collection-set-16-kawaii-sticker-15.webp,easter-collection-set-16-kawaii-sticker-15.webp,kawaii-transportation-yellow-truck-sticker,kawaii-transportation-yellow-truck-sticker.webp
16,16,ester-collection/crops/webp-1024-set-16/easter-collection-set-16-kawaii-sticker-16.webp,easter-collection-set-16-kawaii-sticker-16.webp,kawaii-transportation-pink-scooter-sticker,kawaii-transportation-pink-scooter-sticker.webp
16,17,ester-collection/crops/webp-1024-set-16/easter-collection-set-16-kawaii-sticker-17.webp,easter-collection-set-16-kawaii-sticker-17.webp,kawaii-transportation-hot-air-balloon-sticker,kawaii-transportation-hot-air-balloon-sticker.webp
16,18,ester-collection/crops/webp-1024-set-16/easter-collection-set-16-kawaii-sticker-18.webp,easter-collection-set-16-kawaii-sticker-18.webp,kawaii-transportation-bike-sticker,kawaii-transportation-bike-sticker.webp
16,19,ester-collection/crops/webp-1024-set-16/easter-collection-set-16-kawaii-sticker-19.webp,easter-collection-set-16-kawaii-sticker-19.webp,kawaii-transportation-bus-sticker,kawaii-transportation-bus-sticker.webp
16,20,ester-collection/crops/webp-1024-set-16/easter-collection-set-16-kawaii-sticker-20.webp,easter-collection-set-16-kawaii-sticker-20.webp,kawaii-transportation-scooter-small-sticker,kawaii-transportation-scooter-small-sticker.webp
16,21,ester-collection/crops/webp-1024-set-16/easter-collection-set-16-kawaii-sticker-21.webp,easter-collection-set-16-kawaii-sticker-21.webp,kawaii-transportation-car-small-sticker,kawaii-transportation-car-small-sticker.webp
16,22,ester-collection/crops/webp-1024-set-16/easter-collection-set-16-kawaii-sticker-22.webp,easter-collection-set-16-kawaii-sticker-22.webp,kawaii-transportation-truck-small-sticker,kawaii-transportation-truck-small-sticker.webp
16,23,ester-collection/crops/webp-1024-set-16/easter-collection-set-16-kawaii-sticker-23.webp,easter-collection-set-16-kawaii-sticker-23.webp,kawaii-transportation-scooter-tiny-sticker,kawaii-transportation-scooter-tiny-sticker.webp
16,24,ester-collection/crops/webp-1024-set-16/easter-collection-set-16-kawaii-sticker-24.webp,easter-collection-set-16-kawaii-sticker-24.webp,kawaii-transportation-bicycle-small-sticker,kawaii-transportation-bicycle-small-sticker.webp
17,01,ester-collection/crops/webp-1024-set-17/easter-collection-set-17-kawaii-sticker-01.webp,easter-collection-set-17-kawaii-sticker-01.webp,kawaii-easter-medical-care-asset-01-sticker,kawaii-easter-medical-care-asset-01-sticker.webp
17,02,ester-collection/crops/webp-1024-set-17/easter-collection-set-17-kawaii-sticker-02.webp,easter-collection-set-17-kawaii-sticker-02.webp,kawaii-easter-medical-care-asset-02-sticker,kawaii-easter-medical-care-asset-02-sticker.webp
17,03,ester-collection/crops/webp-1024-set-17/easter-collection-set-17-kawaii-sticker-03.webp,easter-collection-set-17-kawaii-sticker-03.webp,kawaii-easter-medical-care-asset-03-sticker,kawaii-easter-medical-care-asset-03-sticker.webp
17,04,ester-collection/crops/webp-1024-set-17/easter-collection-set-17-kawaii-sticker-04.webp,easter-collection-set-17-kawaii-sticker-04.webp,kawaii-easter-medical-care-asset-04-sticker,kawaii-easter-medical-care-asset-04-sticker.webp
17,05,ester-collection/crops/webp-1024-set-17/easter-collection-set-17-kawaii-sticker-05.webp,easter-collection-set-17-kawaii-sticker-05.webp,kawaii-easter-medical-care-asset-05-sticker,kawaii-easter-medical-care-asset-05-sticker.webp
17,06,ester-collection/crops/webp-1024-set-17/easter-collection-set-17-kawaii-sticker-06.webp,easter-collection-set-17-kawaii-sticker-06.webp,kawaii-easter-medical-care-asset-06-sticker,kawaii-easter-medical-care-asset-06-sticker.webp
17,07,ester-collection/crops/webp-1024-set-17/easter-collection-set-17-kawaii-sticker-07.webp,easter-collection-set-17-kawaii-sticker-07.webp,kawaii-easter-medical-care-asset-07-sticker,kawaii-easter-medical-care-asset-07-sticker.webp
17,08,ester-collection/crops/webp-1024-set-17/easter-collection-set-17-kawaii-sticker-08.webp,easter-collection-set-17-kawaii-sticker-08.webp,kawaii-easter-medical-care-asset-08-sticker,kawaii-easter-medical-care-asset-08-sticker.webp
17,09,ester-collection/crops/webp-1024-set-17/easter-collection-set-17-kawaii-sticker-09.webp,easter-collection-set-17-kawaii-sticker-09.webp,kawaii-easter-medical-care-asset-09-sticker,kawaii-easter-medical-care-asset-09-sticker.webp
17,10,ester-collection/crops/webp-1024-set-17/easter-collection-set-17-kawaii-sticker-10.webp,easter-collection-set-17-kawaii-sticker-10.webp,kawaii-easter-medical-care-asset-10-sticker,kawaii-easter-medical-care-asset-10-sticker.webp
17,11,ester-collection/crops/webp-1024-set-17/easter-collection-set-17-kawaii-sticker-11.webp,easter-collection-set-17-kawaii-sticker-11.webp,kawaii-easter-medical-care-asset-11-sticker,kawaii-easter-medical-care-asset-11-sticker.webp
17,12,ester-collection/crops/webp-1024-set-17/easter-collection-set-17-kawaii-sticker-12.webp,easter-collection-set-17-kawaii-sticker-12.webp,kawaii-easter-medical-care-asset-12-sticker,kawaii-easter-medical-care-asset-12-sticker.webp
17,13,ester-collection/crops/webp-1024-set-17/easter-collection-set-17-kawaii-sticker-13.webp,easter-collection-set-17-kawaii-sticker-13.webp,kawaii-easter-medical-care-asset-13-sticker,kawaii-easter-medical-care-asset-13-sticker.webp
17,14,ester-collection/crops/webp-1024-set-17/easter-collection-set-17-kawaii-sticker-14.webp,easter-collection-set-17-kawaii-sticker-14.webp,kawaii-easter-medical-care-asset-14-sticker,kawaii-easter-medical-care-asset-14-sticker.webp
17,15,ester-collection/crops/webp-1024-set-17/easter-collection-set-17-kawaii-sticker-15.webp,easter-collection-set-17-kawaii-sticker-15.webp,kawaii-easter-medical-care-asset-15-sticker,kawaii-easter-medical-care-asset-15-sticker.webp
17,16,ester-collection/crops/webp-1024-set-17/easter-collection-set-17-kawaii-sticker-16.webp,easter-collection-set-17-kawaii-sticker-16.webp,kawaii-easter-medical-care-asset-16-sticker,kawaii-easter-medical-care-asset-16-sticker.webp
17,17,ester-collection/crops/webp-1024-set-17/easter-collection-set-17-kawaii-sticker-17.webp,easter-collection-set-17-kawaii-sticker-17.webp,kawaii-easter-medical-care-asset-17-sticker,kawaii-easter-medical-care-asset-17-sticker.webp
17,18,ester-collection/crops/webp-1024-set-17/easter-collection-set-17-kawaii-sticker-18.webp,easter-collection-set-17-kawaii-sticker-18.webp,kawaii-easter-medical-care-asset-18-sticker,kawaii-easter-medical-care-asset-18-sticker.webp
17,19,ester-collection/crops/webp-1024-set-17/easter-collection-set-17-kawaii-sticker-19.webp,easter-collection-set-17-kawaii-sticker-19.webp,kawaii-easter-medical-care-asset-19-sticker,kawaii-easter-medical-care-asset-19-sticker.webp
17,20,ester-collection/crops/webp-1024-set-17/easter-collection-set-17-kawaii-sticker-20.webp,easter-collection-set-17-kawaii-sticker-20.webp,kawaii-easter-medical-care-asset-20-sticker,kawaii-easter-medical-care-asset-20-sticker.webp
17,21,ester-collection/crops/webp-1024-set-17/easter-collection-set-17-kawaii-sticker-21.webp,easter-collection-set-17-kawaii-sticker-21.webp,kawaii-easter-medical-care-asset-21-sticker,kawaii-easter-medical-care-asset-21-sticker.webp
17,22,ester-collection/crops/webp-1024-set-17/easter-collection-set-17-kawaii-sticker-22.webp,easter-collection-set-17-kawaii-sticker-22.webp,kawaii-easter-medical-care-asset-22-sticker,kawaii-easter-medical-care-asset-22-sticker.webp
17,23,ester-collection/crops/webp-1024-set-17/easter-collection-set-17-kawaii-sticker-23.webp,easter-collection-set-17-kawaii-sticker-23.webp,kawaii-easter-medical-care-asset-23-sticker,kawaii-easter-medical-care-asset-23-sticker.webp
17,24,ester-collection/crops/webp-1024-set-17/easter-collection-set-17-kawaii-sticker-24.webp,easter-collection-set-17-kawaii-sticker-24.webp,kawaii-easter-medical-care-asset-24-sticker,kawaii-easter-medical-care-asset-24-sticker.webp
17,25,ester-collection/crops/webp-1024-set-17/easter-collection-set-17-kawaii-sticker-25.webp,easter-collection-set-17-kawaii-sticker-25.webp,kawaii-easter-medical-care-asset-25-sticker,kawaii-easter-medical-care-asset-25-sticker.webp
17,26,ester-collection/crops/webp-1024-set-17/easter-collection-set-17-kawaii-sticker-26.webp,easter-collection-set-17-kawaii-sticker-26.webp,kawaii-easter-medical-care-asset-26-sticker,kawaii-easter-medical-care-asset-26-sticker.webp
17,27,ester-collection/crops/webp-1024-set-17/easter-collection-set-17-kawaii-sticker-27.webp,easter-collection-set-17-kawaii-sticker-27.webp,kawaii-easter-medical-care-asset-27-sticker,kawaii-easter-medical-care-asset-27-sticker.webp
17,28,ester-collection/crops/webp-1024-set-17/easter-collection-set-17-kawaii-sticker-28.webp,easter-collection-set-17-kawaii-sticker-28.webp,kawaii-easter-medical-care-asset-28-sticker,kawaii-easter-medical-care-asset-28-sticker.webp
17,29,ester-collection/crops/webp-1024-set-17/easter-collection-set-17-kawaii-sticker-29.webp,easter-collection-set-17-kawaii-sticker-29.webp,kawaii-easter-medical-care-asset-29-sticker,kawaii-easter-medical-care-asset-29-sticker.webp
17,30,ester-collection/crops/webp-1024-set-17/easter-collection-set-17-kawaii-sticker-30.webp,easter-collection-set-17-kawaii-sticker-30.webp,kawaii-easter-medical-care-asset-30-sticker,kawaii-easter-medical-care-asset-30-sticker.webp
17,31,ester-collection/crops/webp-1024-set-17/easter-collection-set-17-kawaii-sticker-31.webp,easter-collection-set-17-kawaii-sticker-31.webp,kawaii-easter-medical-care-asset-31-sticker,kawaii-easter-medical-care-asset-31-sticker.webp
17,32,ester-collection/crops/webp-1024-set-17/easter-collection-set-17-kawaii-sticker-32.webp,easter-collection-set-17-kawaii-sticker-32.webp,kawaii-easter-medical-care-asset-32-sticker,kawaii-easter-medical-care-asset-32-sticker.webp
18,01,ester-collection/crops/webp-1024-set-18/easter-collection-set-18-kawaii-sticker-01.webp,easter-collection-set-18-kawaii-sticker-01.webp,kawaii-easter-eggs-bunny-asset-01-sticker,kawaii-easter-eggs-bunny-asset-01-sticker.webp
18,02,ester-collection/crops/webp-1024-set-18/easter-collection-set-18-kawaii-sticker-02.webp,easter-collection-set-18-kawaii-sticker-02.webp,kawaii-easter-eggs-bunny-asset-02-sticker,kawaii-easter-eggs-bunny-asset-02-sticker.webp
18,03,ester-collection/crops/webp-1024-set-18/easter-collection-set-18-kawaii-sticker-03.webp,easter-collection-set-18-kawaii-sticker-03.webp,kawaii-easter-eggs-bunny-asset-03-sticker,kawaii-easter-eggs-bunny-asset-03-sticker.webp
18,04,ester-collection/crops/webp-1024-set-18/easter-collection-set-18-kawaii-sticker-04.webp,easter-collection-set-18-kawaii-sticker-04.webp,kawaii-easter-eggs-bunny-asset-04-sticker,kawaii-easter-eggs-bunny-asset-04-sticker.webp
18,05,ester-collection/crops/webp-1024-set-18/easter-collection-set-18-kawaii-sticker-05.webp,easter-collection-set-18-kawaii-sticker-05.webp,kawaii-easter-eggs-bunny-asset-05-sticker,kawaii-easter-eggs-bunny-asset-05-sticker.webp
18,06,ester-collection/crops/webp-1024-set-18/easter-collection-set-18-kawaii-sticker-06.webp,easter-collection-set-18-kawaii-sticker-06.webp,kawaii-easter-eggs-bunny-asset-06-sticker,kawaii-easter-eggs-bunny-asset-06-sticker.webp
18,07,ester-collection/crops/webp-1024-set-18/easter-collection-set-18-kawaii-sticker-07.webp,easter-collection-set-18-kawaii-sticker-07.webp,kawaii-easter-eggs-bunny-asset-07-sticker,kawaii-easter-eggs-bunny-asset-07-sticker.webp
18,08,ester-collection/crops/webp-1024-set-18/easter-collection-set-18-kawaii-sticker-08.webp,easter-collection-set-18-kawaii-sticker-08.webp,kawaii-easter-eggs-bunny-asset-08-sticker,kawaii-easter-eggs-bunny-asset-08-sticker.webp
18,09,ester-collection/crops/webp-1024-set-18/easter-collection-set-18-kawaii-sticker-09.webp,easter-collection-set-18-kawaii-sticker-09.webp,kawaii-easter-eggs-bunny-asset-09-sticker,kawaii-easter-eggs-bunny-asset-09-sticker.webp
18,10,ester-collection/crops/webp-1024-set-18/easter-collection-set-18-kawaii-sticker-10.webp,easter-collection-set-18-kawaii-sticker-10.webp,kawaii-easter-eggs-bunny-asset-10-sticker,kawaii-easter-eggs-bunny-asset-10-sticker.webp
18,11,ester-collection/crops/webp-1024-set-18/easter-collection-set-18-kawaii-sticker-11.webp,easter-collection-set-18-kawaii-sticker-11.webp,kawaii-easter-eggs-bunny-asset-11-sticker,kawaii-easter-eggs-bunny-asset-11-sticker.webp
18,12,ester-collection/crops/webp-1024-set-18/easter-collection-set-18-kawaii-sticker-12.webp,easter-collection-set-18-kawaii-sticker-12.webp,kawaii-easter-eggs-bunny-asset-12-sticker,kawaii-easter-eggs-bunny-asset-12-sticker.webp
18,13,ester-collection/crops/webp-1024-set-18/easter-collection-set-18-kawaii-sticker-13.webp,easter-collection-set-18-kawaii-sticker-13.webp,kawaii-easter-eggs-bunny-asset-13-sticker,kawaii-easter-eggs-bunny-asset-13-sticker.webp
18,14,ester-collection/crops/webp-1024-set-18/easter-collection-set-18-kawaii-sticker-14.webp,easter-collection-set-18-kawaii-sticker-14.webp,kawaii-easter-eggs-bunny-asset-14-sticker,kawaii-easter-eggs-bunny-asset-14-sticker.webp
18,15,ester-collection/crops/webp-1024-set-18/easter-collection-set-18-kawaii-sticker-15.webp,easter-collection-set-18-kawaii-sticker-15.webp,kawaii-easter-eggs-bunny-asset-15-sticker,kawaii-easter-eggs-bunny-asset-15-sticker.webp
18,16,ester-collection/crops/webp-1024-set-18/easter-collection-set-18-kawaii-sticker-16.webp,easter-collection-set-18-kawaii-sticker-16.webp,kawaii-easter-eggs-bunny-asset-16-sticker,kawaii-easter-eggs-bunny-asset-16-sticker.webp
18,17,ester-collection/crops/webp-1024-set-18/easter-collection-set-18-kawaii-sticker-17.webp,easter-collection-set-18-kawaii-sticker-17.webp,kawaii-easter-eggs-bunny-asset-17-sticker,kawaii-easter-eggs-bunny-asset-17-sticker.webp
18,18,ester-collection/crops/webp-1024-set-18/easter-collection-set-18-kawaii-sticker-18.webp,easter-collection-set-18-kawaii-sticker-18.webp,kawaii-easter-eggs-bunny-asset-18-sticker,kawaii-easter-eggs-bunny-asset-18-sticker.webp
18,19,ester-collection/crops/webp-1024-set-18/easter-collection-set-18-kawaii-sticker-19.webp,easter-collection-set-18-kawaii-sticker-19.webp,kawaii-easter-eggs-bunny-asset-19-sticker,kawaii-easter-eggs-bunny-asset-19-sticker.webp
18,20,ester-collection/crops/webp-1024-set-18/easter-collection-set-18-kawaii-sticker-20.webp,easter-collection-set-18-kawaii-sticker-20.webp,kawaii-easter-eggs-bunny-asset-20-sticker,kawaii-easter-eggs-bunny-asset-20-sticker.webp
18,21,ester-collection/crops/webp-1024-set-18/easter-collection-set-18-kawaii-sticker-21.webp,easter-collection-set-18-kawaii-sticker-21.webp,kawaii-easter-eggs-bunny-asset-21-sticker,kawaii-easter-eggs-bunny-asset-21-sticker.webp
18,22,ester-collection/crops/webp-1024-set-18/easter-collection-set-18-kawaii-sticker-22.webp,easter-collection-set-18-kawaii-sticker-22.webp,kawaii-easter-eggs-bunny-asset-22-sticker,kawaii-easter-eggs-bunny-asset-22-sticker.webp
18,23,ester-collection/crops/webp-1024-set-18/easter-collection-set-18-kawaii-sticker-23.webp,easter-collection-set-18-kawaii-sticker-23.webp,kawaii-easter-eggs-bunny-asset-23-sticker,kawaii-easter-eggs-bunny-asset-23-sticker.webp
18,24,ester-collection/crops/webp-1024-set-18/easter-collection-set-18-kawaii-sticker-24.webp,easter-collection-set-18-kawaii-sticker-24.webp,kawaii-easter-eggs-bunny-asset-24-sticker,kawaii-easter-eggs-bunny-asset-24-sticker.webp
18,25,ester-collection/crops/webp-1024-set-18/easter-collection-set-18-kawaii-sticker-25.webp,easter-collection-set-18-kawaii-sticker-25.webp,kawaii-easter-eggs-bunny-asset-25-sticker,kawaii-easter-eggs-bunny-asset-25-sticker.webp
18,26,ester-collection/crops/webp-1024-set-18/easter-collection-set-18-kawaii-sticker-26.webp,easter-collection-set-18-kawaii-sticker-26.webp,kawaii-easter-eggs-bunny-asset-26-sticker,kawaii-easter-eggs-bunny-asset-26-sticker.webp
18,27,ester-collection/crops/webp-1024-set-18/easter-collection-set-18-kawaii-sticker-27.webp,easter-collection-set-18-kawaii-sticker-27.webp,kawaii-easter-eggs-bunny-asset-27-sticker,kawaii-easter-eggs-bunny-asset-27-sticker.webp
18,28,ester-collection/crops/webp-1024-set-18/easter-collection-set-18-kawaii-sticker-28.webp,easter-collection-set-18-kawaii-sticker-28.webp,kawaii-easter-eggs-bunny-asset-28-sticker,kawaii-easter-eggs-bunny-asset-28-sticker.webp
18,29,ester-collection/crops/webp-1024-set-18/easter-collection-set-18-kawaii-sticker-29.webp,easter-collection-set-18-kawaii-sticker-29.webp,kawaii-easter-eggs-bunny-asset-29-sticker,kawaii-easter-eggs-bunny-asset-29-sticker.webp
19,01,ester-collection/crops/webp-1024-set-19/easter-collection-set-19-kawaii-sticker-01.webp,easter-collection-set-19-kawaii-sticker-01.webp,kawaii-easter-stationery-floral-asset-01-sticker,kawaii-easter-stationery-floral-asset-01-sticker.webp
19,02,ester-collection/crops/webp-1024-set-19/easter-collection-set-19-kawaii-sticker-02.webp,easter-collection-set-19-kawaii-sticker-02.webp,kawaii-easter-stationery-floral-asset-02-sticker,kawaii-easter-stationery-floral-asset-02-sticker.webp
19,03,ester-collection/crops/webp-1024-set-19/easter-collection-set-19-kawaii-sticker-03.webp,easter-collection-set-19-kawaii-sticker-03.webp,kawaii-easter-stationery-floral-asset-03-sticker,kawaii-easter-stationery-floral-asset-03-sticker.webp
19,04,ester-collection/crops/webp-1024-set-19/easter-collection-set-19-kawaii-sticker-04.webp,easter-collection-set-19-kawaii-sticker-04.webp,kawaii-easter-stationery-floral-asset-04-sticker,kawaii-easter-stationery-floral-asset-04-sticker.webp
19,05,ester-collection/crops/webp-1024-set-19/easter-collection-set-19-kawaii-sticker-05.webp,easter-collection-set-19-kawaii-sticker-05.webp,kawaii-easter-stationery-floral-asset-05-sticker,kawaii-easter-stationery-floral-asset-05-sticker.webp
19,06,ester-collection/crops/webp-1024-set-19/easter-collection-set-19-kawaii-sticker-06.webp,easter-collection-set-19-kawaii-sticker-06.webp,kawaii-easter-stationery-floral-asset-06-sticker,kawaii-easter-stationery-floral-asset-06-sticker.webp
19,07,ester-collection/crops/webp-1024-set-19/easter-collection-set-19-kawaii-sticker-07.webp,easter-collection-set-19-kawaii-sticker-07.webp,kawaii-easter-stationery-floral-asset-07-sticker,kawaii-easter-stationery-floral-asset-07-sticker.webp
19,08,ester-collection/crops/webp-1024-set-19/easter-collection-set-19-kawaii-sticker-08.webp,easter-collection-set-19-kawaii-sticker-08.webp,kawaii-easter-stationery-floral-asset-08-sticker,kawaii-easter-stationery-floral-asset-08-sticker.webp
19,09,ester-collection/crops/webp-1024-set-19/easter-collection-set-19-kawaii-sticker-09.webp,easter-collection-set-19-kawaii-sticker-09.webp,kawaii-easter-stationery-floral-asset-09-sticker,kawaii-easter-stationery-floral-asset-09-sticker.webp
19,10,ester-collection/crops/webp-1024-set-19/easter-collection-set-19-kawaii-sticker-10.webp,easter-collection-set-19-kawaii-sticker-10.webp,kawaii-easter-stationery-floral-asset-10-sticker,kawaii-easter-stationery-floral-asset-10-sticker.webp
19,11,ester-collection/crops/webp-1024-set-19/easter-collection-set-19-kawaii-sticker-11.webp,easter-collection-set-19-kawaii-sticker-11.webp,kawaii-easter-stationery-floral-asset-11-sticker,kawaii-easter-stationery-floral-asset-11-sticker.webp
19,12,ester-collection/crops/webp-1024-set-19/easter-collection-set-19-kawaii-sticker-12.webp,easter-collection-set-19-kawaii-sticker-12.webp,kawaii-easter-stationery-floral-asset-12-sticker,kawaii-easter-stationery-floral-asset-12-sticker.webp
19,13,ester-collection/crops/webp-1024-set-19/easter-collection-set-19-kawaii-sticker-13.webp,easter-collection-set-19-kawaii-sticker-13.webp,kawaii-easter-stationery-floral-asset-13-sticker,kawaii-easter-stationery-floral-asset-13-sticker.webp
19,14,ester-collection/crops/webp-1024-set-19/easter-collection-set-19-kawaii-sticker-14.webp,easter-collection-set-19-kawaii-sticker-14.webp,kawaii-easter-stationery-floral-asset-14-sticker,kawaii-easter-stationery-floral-asset-14-sticker.webp
19,15,ester-collection/crops/webp-1024-set-19/easter-collection-set-19-kawaii-sticker-15.webp,easter-collection-set-19-kawaii-sticker-15.webp,kawaii-easter-stationery-floral-asset-15-sticker,kawaii-easter-stationery-floral-asset-15-sticker.webp
19,16,ester-collection/crops/webp-1024-set-19/easter-collection-set-19-kawaii-sticker-16.webp,easter-collection-set-19-kawaii-sticker-16.webp,kawaii-easter-stationery-floral-asset-16-sticker,kawaii-easter-stationery-floral-asset-16-sticker.webp
19,17,ester-collection/crops/webp-1024-set-19/easter-collection-set-19-kawaii-sticker-17.webp,easter-collection-set-19-kawaii-sticker-17.webp,kawaii-easter-stationery-floral-asset-17-sticker,kawaii-easter-stationery-floral-asset-17-sticker.webp
19,18,ester-collection/crops/webp-1024-set-19/easter-collection-set-19-kawaii-sticker-18.webp,easter-collection-set-19-kawaii-sticker-18.webp,kawaii-easter-stationery-floral-asset-18-sticker,kawaii-easter-stationery-floral-asset-18-sticker.webp
19,19,ester-collection/crops/webp-1024-set-19/easter-collection-set-19-kawaii-sticker-19.webp,easter-collection-set-19-kawaii-sticker-19.webp,kawaii-easter-stationery-floral-asset-19-sticker,kawaii-easter-stationery-floral-asset-19-sticker.webp
19,20,ester-collection/crops/webp-1024-set-19/easter-collection-set-19-kawaii-sticker-20.webp,easter-collection-set-19-kawaii-sticker-20.webp,kawaii-easter-stationery-floral-asset-20-sticker,kawaii-easter-stationery-floral-asset-20-sticker.webp
19,21,ester-collection/crops/webp-1024-set-19/easter-collection-set-19-kawaii-sticker-21.webp,easter-collection-set-19-kawaii-sticker-21.webp,kawaii-easter-stationery-floral-asset-21-sticker,kawaii-easter-stationery-floral-asset-21-sticker.webp
19,22,ester-collection/crops/webp-1024-set-19/easter-collection-set-19-kawaii-sticker-22.webp,easter-collection-set-19-kawaii-sticker-22.webp,kawaii-easter-stationery-floral-asset-22-sticker,kawaii-easter-stationery-floral-asset-22-sticker.webp
19,23,ester-collection/crops/webp-1024-set-19/easter-collection-set-19-kawaii-sticker-23.webp,easter-collection-set-19-kawaii-sticker-23.webp,kawaii-easter-stationery-floral-asset-23-sticker,kawaii-easter-stationery-floral-asset-23-sticker.webp
19,24,ester-collection/crops/webp-1024-set-19/easter-collection-set-19-kawaii-sticker-24.webp,easter-collection-set-19-kawaii-sticker-24.webp,kawaii-easter-stationery-floral-asset-24-sticker,kawaii-easter-stationery-floral-asset-24-sticker.webp
19,25,ester-collection/crops/webp-1024-set-19/easter-collection-set-19-kawaii-sticker-25.webp,easter-collection-set-19-kawaii-sticker-25.webp,kawaii-easter-stationery-floral-asset-25-sticker,kawaii-easter-stationery-floral-asset-25-sticker.webp
19,26,ester-collection/crops/webp-1024-set-19/easter-collection-set-19-kawaii-sticker-26.webp,easter-collection-set-19-kawaii-sticker-26.webp,kawaii-easter-stationery-floral-asset-26-sticker,kawaii-easter-stationery-floral-asset-26-sticker.webp
19,27,ester-collection/crops/webp-1024-set-19/easter-collection-set-19-kawaii-sticker-27.webp,easter-collection-set-19-kawaii-sticker-27.webp,kawaii-easter-stationery-floral-asset-27-sticker,kawaii-easter-stationery-floral-asset-27-sticker.webp
19,28,ester-collection/crops/webp-1024-set-19/easter-collection-set-19-kawaii-sticker-28.webp,easter-collection-set-19-kawaii-sticker-28.webp,kawaii-easter-stationery-floral-asset-28-sticker,kawaii-easter-stationery-floral-asset-28-sticker.webp
19,29,ester-collection/crops/webp-1024-set-19/easter-collection-set-19-kawaii-sticker-29.webp,easter-collection-set-19-kawaii-sticker-29.webp,kawaii-easter-stationery-floral-asset-29-sticker,kawaii-easter-stationery-floral-asset-29-sticker.webp
20,01,ester-collection/crops/webp-1024-set-20/easter-collection-set-20-kawaii-sticker-01.webp,easter-collection-set-20-kawaii-sticker-01.webp,kawaii-easter-school-supplies-asset-01-sticker,kawaii-easter-school-supplies-asset-01-sticker.webp
20,02,ester-collection/crops/webp-1024-set-20/easter-collection-set-20-kawaii-sticker-02.webp,easter-collection-set-20-kawaii-sticker-02.webp,kawaii-easter-school-supplies-asset-02-sticker,kawaii-easter-school-supplies-asset-02-sticker.webp
20,03,ester-collection/crops/webp-1024-set-20/easter-collection-set-20-kawaii-sticker-03.webp,easter-collection-set-20-kawaii-sticker-03.webp,kawaii-easter-school-supplies-asset-03-sticker,kawaii-easter-school-supplies-asset-03-sticker.webp
20,04,ester-collection/crops/webp-1024-set-20/easter-collection-set-20-kawaii-sticker-04.webp,easter-collection-set-20-kawaii-sticker-04.webp,kawaii-easter-school-supplies-asset-04-sticker,kawaii-easter-school-supplies-asset-04-sticker.webp
20,05,ester-collection/crops/webp-1024-set-20/easter-collection-set-20-kawaii-sticker-05.webp,easter-collection-set-20-kawaii-sticker-05.webp,kawaii-easter-school-supplies-asset-05-sticker,kawaii-easter-school-supplies-asset-05-sticker.webp
20,06,ester-collection/crops/webp-1024-set-20/easter-collection-set-20-kawaii-sticker-06.webp,easter-collection-set-20-kawaii-sticker-06.webp,kawaii-easter-school-supplies-asset-06-sticker,kawaii-easter-school-supplies-asset-06-sticker.webp
20,07,ester-collection/crops/webp-1024-set-20/easter-collection-set-20-kawaii-sticker-07.webp,easter-collection-set-20-kawaii-sticker-07.webp,kawaii-easter-school-supplies-asset-07-sticker,kawaii-easter-school-supplies-asset-07-sticker.webp
20,08,ester-collection/crops/webp-1024-set-20/easter-collection-set-20-kawaii-sticker-08.webp,easter-collection-set-20-kawaii-sticker-08.webp,kawaii-easter-school-supplies-asset-08-sticker,kawaii-easter-school-supplies-asset-08-sticker.webp
20,09,ester-collection/crops/webp-1024-set-20/easter-collection-set-20-kawaii-sticker-09.webp,easter-collection-set-20-kawaii-sticker-09.webp,kawaii-easter-school-supplies-asset-09-sticker,kawaii-easter-school-supplies-asset-09-sticker.webp
20,10,ester-collection/crops/webp-1024-set-20/easter-collection-set-20-kawaii-sticker-10.webp,easter-collection-set-20-kawaii-sticker-10.webp,kawaii-easter-school-supplies-asset-10-sticker,kawaii-easter-school-supplies-asset-10-sticker.webp
20,11,ester-collection/crops/webp-1024-set-20/easter-collection-set-20-kawaii-sticker-11.webp,easter-collection-set-20-kawaii-sticker-11.webp,kawaii-easter-school-supplies-asset-11-sticker,kawaii-easter-school-supplies-asset-11-sticker.webp
20,12,ester-collection/crops/webp-1024-set-20/easter-collection-set-20-kawaii-sticker-12.webp,easter-collection-set-20-kawaii-sticker-12.webp,kawaii-easter-school-supplies-asset-12-sticker,kawaii-easter-school-supplies-asset-12-sticker.webp
20,13,ester-collection/crops/webp-1024-set-20/easter-collection-set-20-kawaii-sticker-13.webp,easter-collection-set-20-kawaii-sticker-13.webp,kawaii-easter-school-supplies-asset-13-sticker,kawaii-easter-school-supplies-asset-13-sticker.webp
20,14,ester-collection/crops/webp-1024-set-20/easter-collection-set-20-kawaii-sticker-14.webp,easter-collection-set-20-kawaii-sticker-14.webp,kawaii-easter-school-supplies-asset-14-sticker,kawaii-easter-school-supplies-asset-14-sticker.webp
20,15,ester-collection/crops/webp-1024-set-20/easter-collection-set-20-kawaii-sticker-15.webp,easter-collection-set-20-kawaii-sticker-15.webp,kawaii-easter-school-supplies-asset-15-sticker,kawaii-easter-school-supplies-asset-15-sticker.webp
20,16,ester-collection/crops/webp-1024-set-20/easter-collection-set-20-kawaii-sticker-16.webp,easter-collection-set-20-kawaii-sticker-16.webp,kawaii-easter-school-supplies-asset-16-sticker,kawaii-easter-school-supplies-asset-16-sticker.webp
20,17,ester-collection/crops/webp-1024-set-20/easter-collection-set-20-kawaii-sticker-17.webp,easter-collection-set-20-kawaii-sticker-17.webp,kawaii-easter-school-supplies-asset-17-sticker,kawaii-easter-school-supplies-asset-17-sticker.webp
20,18,ester-collection/crops/webp-1024-set-20/easter-collection-set-20-kawaii-sticker-18.webp,easter-collection-set-20-kawaii-sticker-18.webp,kawaii-easter-school-supplies-asset-18-sticker,kawaii-easter-school-supplies-asset-18-sticker.webp
20,19,ester-collection/crops/webp-1024-set-20/easter-collection-set-20-kawaii-sticker-19.webp,easter-collection-set-20-kawaii-sticker-19.webp,kawaii-easter-school-supplies-asset-19-sticker,kawaii-easter-school-supplies-asset-19-sticker.webp
20,20,ester-collection/crops/webp-1024-set-20/easter-collection-set-20-kawaii-sticker-20.webp,easter-collection-set-20-kawaii-sticker-20.webp,kawaii-easter-school-supplies-asset-20-sticker,kawaii-easter-school-supplies-asset-20-sticker.webp
20,21,ester-collection/crops/webp-1024-set-20/easter-collection-set-20-kawaii-sticker-21.webp,easter-collection-set-20-kawaii-sticker-21.webp,kawaii-easter-school-supplies-asset-21-sticker,kawaii-easter-school-supplies-asset-21-sticker.webp
20,22,ester-collection/crops/webp-1024-set-20/easter-collection-set-20-kawaii-sticker-22.webp,easter-collection-set-20-kawaii-sticker-22.webp,kawaii-easter-school-supplies-asset-22-sticker,kawaii-easter-school-supplies-asset-22-sticker.webp
20,23,ester-collection/crops/webp-1024-set-20/easter-collection-set-20-kawaii-sticker-23.webp,easter-collection-set-20-kawaii-sticker-23.webp,kawaii-easter-school-supplies-asset-23-sticker,kawaii-easter-school-supplies-asset-23-sticker.webp
20,24,ester-collection/crops/webp-1024-set-20/easter-collection-set-20-kawaii-sticker-24.webp,easter-collection-set-20-kawaii-sticker-24.webp,kawaii-easter-school-supplies-asset-24-sticker,kawaii-easter-school-supplies-asset-24-sticker.webp
20,25,ester-collection/crops/webp-1024-set-20/easter-collection-set-20-kawaii-sticker-25.webp,easter-collection-set-20-kawaii-sticker-25.webp,kawaii-easter-school-supplies-asset-25-sticker,kawaii-easter-school-supplies-asset-25-sticker.webp
20,26,ester-collection/crops/webp-1024-set-20/easter-collection-set-20-kawaii-sticker-26.webp,easter-collection-set-20-kawaii-sticker-26.webp,kawaii-easter-school-supplies-asset-26-sticker,kawaii-easter-school-supplies-asset-26-sticker.webp
20,27,ester-collection/crops/webp-1024-set-20/easter-collection-set-20-kawaii-sticker-27.webp,easter-collection-set-20-kawaii-sticker-27.webp,kawaii-easter-school-supplies-asset-27-sticker,kawaii-easter-school-supplies-asset-27-sticker.webp
20,28,ester-collection/crops/webp-1024-set-20/easter-collection-set-20-kawaii-sticker-28.webp,easter-collection-set-20-kawaii-sticker-28.webp,kawaii-easter-school-supplies-asset-28-sticker,kawaii-easter-school-supplies-asset-28-sticker.webp
20,29,ester-collection/crops/webp-1024-set-20/easter-collection-set-20-kawaii-sticker-29.webp,easter-collection-set-20-kawaii-sticker-29.webp,kawaii-easter-school-supplies-asset-29-sticker,kawaii-easter-school-supplies-asset-29-sticker.webp
20,30,ester-collection/crops/webp-1024-set-20/easter-collection-set-20-kawaii-sticker-30.webp,easter-collection-set-20-kawaii-sticker-30.webp,kawaii-easter-school-supplies-asset-30-sticker,kawaii-easter-school-supplies-asset-30-sticker.webp
21,01,ester-collection/crops/webp-1024-set-21/easter-collection-set-21-kawaii-sticker-01.webp,easter-collection-set-21-kawaii-sticker-01.webp,kawaii-transportation-blue-car-sticker,kawaii-transportation-blue-car-sticker.webp
21,02,ester-collection/crops/webp-1024-set-21/easter-collection-set-21-kawaii-sticker-02.webp,easter-collection-set-21-kawaii-sticker-02.webp,kawaii-transportation-blue-airplane-sticker,kawaii-transportation-blue-airplane-sticker.webp
21,03,ester-collection/crops/webp-1024-set-21/easter-collection-set-21-kawaii-sticker-03.webp,easter-collection-set-21-kawaii-sticker-03.webp,kawaii-transportation-yellow-airplane-sticker,kawaii-transportation-yellow-airplane-sticker.webp
21,04,ester-collection/crops/webp-1024-set-21/easter-collection-set-21-kawaii-sticker-04.webp,easter-collection-set-21-kawaii-sticker-04.webp,kawaii-transportation-cruise-ship-sticker,kawaii-transportation-cruise-ship-sticker.webp
21,05,ester-collection/crops/webp-1024-set-21/easter-collection-set-21-kawaii-sticker-05.webp,easter-collection-set-21-kawaii-sticker-05.webp,kawaii-transportation-boat-sticker,kawaii-transportation-boat-sticker.webp
21,06,ester-collection/crops/webp-1024-set-21/easter-collection-set-21-kawaii-sticker-06.webp,easter-collection-set-21-kawaii-sticker-06.webp,kawaii-transportation-airplane-sticker,kawaii-transportation-airplane-sticker.webp
21,07,ester-collection/crops/webp-1024-set-21/easter-collection-set-21-kawaii-sticker-07.webp,easter-collection-set-21-kawaii-sticker-07.webp,kawaii-transportation-blue-car-small-sticker,kawaii-transportation-blue-car-small-sticker.webp
21,08,ester-collection/crops/webp-1024-set-21/easter-collection-set-21-kawaii-sticker-08.webp,easter-collection-set-21-kawaii-sticker-08.webp,kawaii-transportation-white-car-sticker,kawaii-transportation-white-car-sticker.webp
21,09,ester-collection/crops/webp-1024-set-21/easter-collection-set-21-kawaii-sticker-09.webp,easter-collection-set-21-kawaii-sticker-09.webp,kawaii-transportation-horse-sticker,kawaii-transportation-horse-sticker.webp
21,10,ester-collection/crops/webp-1024-set-21/easter-collection-set-21-kawaii-sticker-10.webp,easter-collection-set-21-kawaii-sticker-10.webp,kawaii-transportation-bike-sticker,kawaii-transportation-bike-sticker.webp
21,11,ester-collection/crops/webp-1024-set-21/easter-collection-set-21-kawaii-sticker-11.webp,easter-collection-set-21-kawaii-sticker-11.webp,kawaii-transportation-bus-sticker,kawaii-transportation-bus-sticker.webp
21,12,ester-collection/crops/webp-1024-set-21/easter-collection-set-21-kawaii-sticker-12.webp,easter-collection-set-21-kawaii-sticker-12.webp,kawaii-transportation-scooter-sticker,kawaii-transportation-scooter-sticker.webp
21,13,ester-collection/crops/webp-1024-set-21/easter-collection-set-21-kawaii-sticker-13.webp,easter-collection-set-21-kawaii-sticker-13.webp,kawaii-transportation-pink-car-sticker,kawaii-transportation-pink-car-sticker.webp
21,14,ester-collection/crops/webp-1024-set-21/easter-collection-set-21-kawaii-sticker-14.webp,easter-collection-set-21-kawaii-sticker-14.webp,kawaii-transportation-yellow-bus-sticker,kawaii-transportation-yellow-bus-sticker.webp
21,15,ester-collection/crops/webp-1024-set-21/easter-collection-set-21-kawaii-sticker-15.webp,easter-collection-set-21-kawaii-sticker-15.webp,kawaii-transportation-horse-small-sticker,kawaii-transportation-horse-small-sticker.webp
21,16,ester-collection/crops/webp-1024-set-21/easter-collection-set-21-kawaii-sticker-16.webp,easter-collection-set-21-kawaii-sticker-16.webp,kawaii-transportation-bike-small-sticker,kawaii-transportation-bike-small-sticker.webp
21,17,ester-collection/crops/webp-1024-set-21/easter-collection-set-21-kawaii-sticker-17.webp,easter-collection-set-21-kawaii-sticker-17.webp,kawaii-transportation-plane-small-sticker,kawaii-transportation-plane-small-sticker.webp
21,18,ester-collection/crops/webp-1024-set-21/easter-collection-set-21-kawaii-sticker-18.webp,easter-collection-set-21-kawaii-sticker-18.webp,kawaii-transportation-car-front-sticker,kawaii-transportation-car-front-sticker.webp
21,19,ester-collection/crops/webp-1024-set-21/easter-collection-set-21-kawaii-sticker-19.webp,easter-collection-set-21-kawaii-sticker-19.webp,kawaii-transportation-yellow-truck-sticker,kawaii-transportation-yellow-truck-sticker.webp
21,20,ester-collection/crops/webp-1024-set-21/easter-collection-set-21-kawaii-sticker-20.webp,easter-collection-set-21-kawaii-sticker-20.webp,kawaii-transportation-scooter-small-sticker,kawaii-transportation-scooter-small-sticker.webp
21,21,ester-collection/crops/webp-1024-set-21/easter-collection-set-21-kawaii-sticker-21.webp,easter-collection-set-21-kawaii-sticker-21.webp,kawaii-transportation-van-sticker,kawaii-transportation-van-sticker.webp
21,22,ester-collection/crops/webp-1024-set-21/easter-collection-set-21-kawaii-sticker-22.webp,easter-collection-set-21-kawaii-sticker-22.webp,kawaii-transportation-car-tiny-sticker,kawaii-transportation-car-tiny-sticker.webp
21,23,ester-collection/crops/webp-1024-set-21/easter-collection-set-21-kawaii-sticker-23.webp,easter-collection-set-21-kawaii-sticker-23.webp,kawaii-transportation-bus-tiny-sticker,kawaii-transportation-bus-tiny-sticker.webp
21,24,ester-collection/crops/webp-1024-set-21/easter-collection-set-21-kawaii-sticker-24.webp,easter-collection-set-21-kawaii-sticker-24.webp,kawaii-transportation-truck-tiny-sticker,kawaii-transportation-truck-tiny-sticker.webp
22,01,ester-collection/crops/webp-1024-set-22/easter-collection-set-22-kawaii-sticker-01.webp,easter-collection-set-22-kawaii-sticker-01.webp,kawaii-easter-bunny-egg-hunt-yellow-boots-sticker,kawaii-easter-bunny-egg-hunt-yellow-boots-sticker.webp
22,02,ester-collection/crops/webp-1024-set-22/easter-collection-set-22-kawaii-sticker-02.webp,easter-collection-set-22-kawaii-sticker-02.webp,kawaii-easter-bunny-egg-hunt-pastel-rainbow-sticker,kawaii-easter-bunny-egg-hunt-pastel-rainbow-sticker.webp
22,03,ester-collection/crops/webp-1024-set-22/easter-collection-set-22-kawaii-sticker-03.webp,easter-collection-set-22-kawaii-sticker-03.webp,kawaii-easter-bunny-egg-hunt-basket-of-eggs-sticker,kawaii-easter-bunny-egg-hunt-basket-of-eggs-sticker.webp
22,04,ester-collection/crops/webp-1024-set-22/easter-collection-set-22-kawaii-sticker-04.webp,easter-collection-set-22-kawaii-sticker-04.webp,kawaii-easter-bunny-egg-hunt-carrot-sticker,kawaii-easter-bunny-egg-hunt-carrot-sticker.webp
22,05,ester-collection/crops/webp-1024-set-22/easter-collection-set-22-kawaii-sticker-05.webp,easter-collection-set-22-kawaii-sticker-05.webp,kawaii-easter-bunny-egg-hunt-easter-bunny-cupcake-sticker,kawaii-easter-bunny-egg-hunt-easter-bunny-cupcake-sticker.webp
22,06,ester-collection/crops/webp-1024-set-22/easter-collection-set-22-kawaii-sticker-06.webp,easter-collection-set-22-kawaii-sticker-06.webp,kawaii-easter-bunny-egg-hunt-bunny-ear-headband-sticker,kawaii-easter-bunny-egg-hunt-bunny-ear-headband-sticker.webp
22,07,ester-collection/crops/webp-1024-set-22/easter-collection-set-22-kawaii-sticker-07.webp,easter-collection-set-22-kawaii-sticker-07.webp,kawaii-easter-bunny-egg-hunt-floral-envelope-sticker,kawaii-easter-bunny-egg-hunt-floral-envelope-sticker.webp
22,08,ester-collection/crops/webp-1024-set-22/easter-collection-set-22-kawaii-sticker-08.webp,easter-collection-set-22-kawaii-sticker-08.webp,kawaii-easter-bunny-egg-hunt-rainbow-cloud-sticker,kawaii-easter-bunny-egg-hunt-rainbow-cloud-sticker.webp
22,09,ester-collection/crops/webp-1024-set-22/easter-collection-set-22-kawaii-sticker-09.webp,easter-collection-set-22-kawaii-sticker-09.webp,kawaii-easter-bunny-egg-hunt-bunny-face-sticker,kawaii-easter-bunny-egg-hunt-bunny-face-sticker.webp
22,10,ester-collection/crops/webp-1024-set-22/easter-collection-set-22-kawaii-sticker-10.webp,easter-collection-set-22-kawaii-sticker-10.webp,kawaii-easter-bunny-egg-hunt-basket-sticker,kawaii-easter-bunny-egg-hunt-basket-sticker.webp
22,11,ester-collection/crops/webp-1024-set-22/easter-collection-set-22-kawaii-sticker-11.webp,easter-collection-set-22-kawaii-sticker-11.webp,kawaii-easter-bunny-egg-hunt-egg-note-sticker,kawaii-easter-bunny-egg-hunt-egg-note-sticker.webp
22,12,ester-collection/crops/webp-1024-set-22/easter-collection-set-22-kawaii-sticker-12.webp,easter-collection-set-22-kawaii-sticker-12.webp,kawaii-easter-bunny-egg-hunt-blue-flower-sticker,kawaii-easter-bunny-egg-hunt-blue-flower-sticker.webp
22,13,ester-collection/crops/webp-1024-set-22/easter-collection-set-22-kawaii-sticker-13.webp,easter-collection-set-22-kawaii-sticker-13.webp,kawaii-easter-bunny-egg-hunt-pink-flower-sticker,kawaii-easter-bunny-egg-hunt-pink-flower-sticker.webp
22,14,ester-collection/crops/webp-1024-set-22/easter-collection-set-22-kawaii-sticker-14.webp,easter-collection-set-22-kawaii-sticker-14.webp,kawaii-easter-bunny-egg-hunt-purple-flower-sticker,kawaii-easter-bunny-egg-hunt-purple-flower-sticker.webp
22,15,ester-collection/crops/webp-1024-set-22/easter-collection-set-22-kawaii-sticker-15.webp,easter-collection-set-22-kawaii-sticker-15.webp,kawaii-easter-bunny-egg-hunt-carrot-small-sticker,kawaii-easter-bunny-egg-hunt-carrot-small-sticker.webp
22,16,ester-collection/crops/webp-1024-set-22/easter-collection-set-22-kawaii-sticker-16.webp,easter-collection-set-22-kawaii-sticker-16.webp,kawaii-easter-bunny-egg-hunt-flower-stem-sticker,kawaii-easter-bunny-egg-hunt-flower-stem-sticker.webp
22,17,ester-collection/crops/webp-1024-set-22/easter-collection-set-22-kawaii-sticker-17.webp,easter-collection-set-22-kawaii-sticker-17.webp,kawaii-easter-bunny-egg-hunt-flower-stem-pink-sticker,kawaii-easter-bunny-egg-hunt-flower-stem-pink-sticker.webp
22,18,ester-collection/crops/webp-1024-set-22/easter-collection-set-22-kawaii-sticker-18.webp,easter-collection-set-22-kawaii-sticker-18.webp,kawaii-easter-bunny-egg-hunt-flower-stem-purple-sticker,kawaii-easter-bunny-egg-hunt-flower-stem-purple-sticker.webp
22,19,ester-collection/crops/webp-1024-set-22/easter-collection-set-22-kawaii-sticker-19.webp,easter-collection-set-22-kawaii-sticker-19.webp,kawaii-easter-bunny-egg-hunt-flower-stem-yellow-sticker,kawaii-easter-bunny-egg-hunt-flower-stem-yellow-sticker.webp
22,20,ester-collection/crops/webp-1024-set-22/easter-collection-set-22-kawaii-sticker-20.webp,easter-collection-set-22-kawaii-sticker-20.webp,kawaii-easter-bunny-egg-hunt-easter-egg-sticker,kawaii-easter-bunny-egg-hunt-easter-egg-sticker.webp
22,21,ester-collection/crops/webp-1024-set-22/easter-collection-set-22-kawaii-sticker-21.webp,easter-collection-set-22-kawaii-sticker-21.webp,kawaii-easter-bunny-egg-hunt-bunny-face-small-sticker,kawaii-easter-bunny-egg-hunt-bunny-face-small-sticker.webp
22,22,ester-collection/crops/webp-1024-set-22/easter-collection-set-22-kawaii-sticker-22.webp,easter-collection-set-22-kawaii-sticker-22.webp,kawaii-easter-bunny-egg-hunt-pink-bunny-sticker,kawaii-easter-bunny-egg-hunt-pink-bunny-sticker.webp
22,23,ester-collection/crops/webp-1024-set-22/easter-collection-set-22-kawaii-sticker-23.webp,easter-collection-set-22-kawaii-sticker-23.webp,kawaii-easter-bunny-egg-hunt-purple-bunny-sticker,kawaii-easter-bunny-egg-hunt-purple-bunny-sticker.webp
22,24,ester-collection/crops/webp-1024-set-22/easter-collection-set-22-kawaii-sticker-24.webp,easter-collection-set-22-kawaii-sticker-24.webp,kawaii-easter-bunny-egg-hunt-basket-of-eggs-large-sticker,kawaii-easter-bunny-egg-hunt-basket-of-eggs-large-sticker.webp
22,25,ester-collection/crops/webp-1024-set-22/easter-collection-set-22-kawaii-sticker-25.webp,easter-collection-set-22-kawaii-sticker-25.webp,kawaii-easter-bunny-egg-hunt-decorated-egg-sticker,kawaii-easter-bunny-egg-hunt-decorated-egg-sticker.webp
22,26,ester-collection/crops/webp-1024-set-22/easter-collection-set-22-kawaii-sticker-26.webp,easter-collection-set-22-kawaii-sticker-26.webp,kawaii-easter-bunny-egg-hunt-bunny-cake-sticker,kawaii-easter-bunny-egg-hunt-bunny-cake-sticker.webp
22,27,ester-collection/crops/webp-1024-set-22/easter-collection-set-22-kawaii-sticker-27.webp,easter-collection-set-22-kawaii-sticker-27.webp,kawaii-easter-bunny-egg-hunt-painted-easter-egg-sticker,kawaii-easter-bunny-egg-hunt-painted-easter-egg-sticker.webp
22,28,ester-collection/crops/webp-1024-set-22/easter-collection-set-22-kawaii-sticker-28.webp,easter-collection-set-22-kawaii-sticker-28.webp,kawaii-easter-bunny-egg-hunt-bunny-letter-sticker,kawaii-easter-bunny-egg-hunt-bunny-letter-sticker.webp
22,29,ester-collection/crops/webp-1024-set-22/easter-collection-set-22-kawaii-sticker-29.webp,easter-collection-set-22-kawaii-sticker-29.webp,kawaii-easter-bunny-egg-hunt-easter-card-sticker,kawaii-easter-bunny-egg-hunt-easter-card-sticker.webp
22,30,ester-collection/crops/webp-1024-set-22/easter-collection-set-22-kawaii-sticker-30.webp,easter-collection-set-22-kawaii-sticker-30.webp,kawaii-easter-bunny-egg-hunt-flower-basket-sticker,kawaii-easter-bunny-egg-hunt-flower-basket-sticker.webp
22,31,ester-collection/crops/webp-1024-set-22/easter-collection-set-22-kawaii-sticker-31.webp,easter-collection-set-22-kawaii-sticker-31.webp,kawaii-easter-bunny-egg-hunt-flower-pot-sticker,kawaii-easter-bunny-egg-hunt-flower-pot-sticker.webp
22,32,ester-collection/crops/webp-1024-set-22/easter-collection-set-22-kawaii-sticker-32.webp,easter-collection-set-22-kawaii-sticker-32.webp,kawaii-easter-bunny-egg-hunt-bunny-flower-pot-sticker,kawaii-easter-bunny-egg-hunt-bunny-flower-pot-sticker.webp
